Symbol,NAME,PERCENT,Cumulative,Perpetual,Convertible,Redeemable,Other,Original Call Date,Actual Date Called
FPC-A*,"FPC Capital I,",7.10%,No,No,No,No,"QUIPS Quarterly Income Preferred Securities, Series A",4/13/04,2/01/13
NEFIO*,"Newell Financial Trust I,",5 1/4%,No,No,Yes,No,Convertible QUIPS,12/01/07,7/14/12
WPF*,"Wells Fargo Capital V,",7.00%,No,No,No,No,QUIPS Qrtly Income Preferred Securities,12/06/06,4/19/07
URIRP,"United Rentals Trust I,",6 1/2%,No,No,Yes,No,QUIPS Convertible Preferred Securities,8/02/08,11/30/06
CUMMO*,"Cummins Capital Trust I,",7%,Yes,No,Yes,No,Convertible Cumul Qrtly Income Preferred Sec QUIPS,6/15/06,6/15/06
NVP-*,"NVP Capital I,",8.20%,Yes,No,No,No,QUIPS Series A Cumul Qrtly Inc Preferred Securities,4/02/02,4/27/06
HMTQO*,"Host Marriott Financial Trust,",6.75%,No,No,Yes,No,Convertible QUIPS Preferred Securities,12/02/99,2/10/06
BWE-*,"BancWest Capital I,",9.50%,No,No,No,No,Qrtly Income Preferred Securities QUIPS,12/01/05,12/01/05
MUK-A*,"MEPC Intl Capital, L.P.,",9.125%,Yes,No,No,No,QUIPS Cumul Qrtly Inc Preferred Securities A,9/21/05,9/21/05
EGS-A*,"Entergy Gulf States Capital I,",8.75%,Yes,No,No,No,QUIPS Cumul Qrtly Income Preferred Sec A,1/28/02,3/12/05
SRE-A*,"Sempra Energy Capital Trust I,",8.90%,Yes,No,No,No,QUIPS Cumul Preferred Securities,2/23/05,2/23/05
EIX-A*,"EIX Trust I,",7.875%,No,No,No,No,QUIPS Qrtly Income Preferred Securities Series A,7/26/04,12/20/04
EIX-B*,"EIX Trust II,",8.60%,No,No,No,No,QUIPS Qrtly Income Preferred Securities Series B,10/29/04,11/30/04
EAI-A*,"Entergy Arkansas Capital I,",8 1/2%,Yes,No,No,No,QUIPS Cumul Qrtly Income Preferred Sec A,8/14/01,11/11/04
ELA-B*,"Entergy Louisiana Capital I,",9.0%,Yes,No,No,No,QUIPS Cumul Qrtly Income Preferred Sec A,7/16/01,11/04/04
MGA-B*,"Magna Intl Inc.,",8.875%,No,No,No,No,QUIPS Qrtly Income Preferred Securities B,9/21/04,9/21/04
CPZ-A*,"CPL Capital I,",8.00%,No,No,No,Yes,Redeem Deferr QUIPS Preferred A,4/30/02,7/30/04
HE-T*,"HECO Capital Trust II,",7.30%,No,No,No,No,QUIPS Series 1998 Preferred Securities,12/15/03,4/19/04
HE-Q*,"HECO Capital Trust I,",8.05%,No,No,No,No,QUIPS Series 1997 Preferred Securities,3/27/02,4/19/04
WR-A*,"Western Resources Capital I,",7 7/8%,Yes,No,No,No,Cumul Qrtly Income Preferred Sec QUIPS,12/11/00,4/16/04
PCG.Q*,"PG&amp;E Capital I,",7.90%,No,No,No,No,QUIPS Qrtly Income Preferred Securities,11/28/00,4/12/04
DUK-Q*,"Duke Energy Capital Trust I,",7.20%,No,No,No,No,QUIPS Preferred Securities,12/31/02,3/26/04
RSE-Z*,"Rouse Capital,",9 1/4%,Yes,No,No,No,QUIPS Cumul Qrtly Income Preferred Securities,11/27/00,3/17/04
GR-A*,"BFGoodrich Capital,",8.30%,No,No,No,No,QUIPS Qrtly Income Preferred Securities A,7/06/00,3/02/04
PEG-T*,"PSE&amp;G Capital Trust II,",8.125%,Yes,No,No,No,Cumul Qrtly Inc Preferred Sec QUIPS,2/07/02,12/31/03
DUK-U*,"Duke Capital Financing Trust II,",7 3/8%,No,No,No,No,QUIPS Preferred Securities,9/30/03,12/29/03
SO-C*,"Southern Co. Capital Trust V,",6.875%,No,No,No,No,QUIPS Qrtly Inc Preferred Sec,12/23/03,12/23/03
ALE-*,"ALLETE Capital I,",8.05%,Yes,No,No,No,Cumul QUIPS Preferred Securities,3/20/01,12/18/03
FIG-A*,"Farmers Group Capital,",8.45%,Yes,No,No,No,QUIPS Cumul Qrtly Income Preferred Sec A,9/27/00,11/25/03
FIG-B*,"Farmers Group Capital II,",8.25%,Yes,No,No,No,QUIPS Cumul Qrtly Income Preferred Sec B,9/27/00,11/25/03
GUP-B*,"Gulf Power Capital Trust II,",7.00%,Yes,No,No,No,QUIPS Cumul Qrtly Inc Preferred Sec,1/20/03,10/17/03
HIG-Q*,"Hartford Capital I,",7.70%,Yes,No,No,No,Cumul Qrtly Income Preferred Securities A QUIPS,2/28/01,9/30/03
WR-B*,"Western Resources Capital II,",8 1/2%,Yes,No,No,No,Cumul Qrtly Income Preferred Sec QUIPS,7/31/01,9/22/03
PPW-A*,"PacifiCorp Capital I,",8 1/4%,Yes,No,No,No,QUIPS Cumul Qrtly Income Preferred Sec A,6/11/01,8/29/03
AXP-A*,"American Express Co. Capital Trust I,",7.00%,Yes,No,No,No,QUIPS Cumul Preferred Sec,7/16/03,7/16/03
NFX-A*,"Newfield Financial Trust I,",6 1/2%,No,No,Yes,No,QUIPS Convertible Preferred Sec A,8/15/02,6/27/03
CIV-B*,"Atlantic Capital I,",8.25%,Yes,No,No,No,QUIPS Cumul Qrtly Income Preferred Securities,10/01/01,2/28/03
GUP-A*,"Gulf Power Capital Trust I,",7.625%,Yes,No,No,No,QUIPS Cumul Preferred Securities,1/31/02,1/15/03
ELO-A*,"EDF London Capital L.P.,",8 5/8%,Yes,No,No,No,Cumul QUIPS Preferred,11/19/02,12/20/02
SO-A*,"Southern Co. Capital Trust III,",7.75%,No,No,No,No,Qrtly Inc Preferred Sec QUIPS,6/06/02,8/23/02
GPE-V*,"Georgia Power Capital Trust III,",7.75%,No,No,No,No,QUIPS Preferred Securities,6/11/02,7/19/02
PPP-Q*,"Pogo Trust I,",6 1/2%,Yes,No,Yes,No,Cumul Convertible QUIPS Preferred,6/01/02,6/04/02
C-S*,"Citigroup Capital IX,",6.00%,No,No,No,No,TruPS Capital Securities,2/13/08,4/28/14
C-Q*,"Citigroup Capital XI,",6.00%,No,No,No,No,TruPS Capital Securities,9/27/09,4/28/14
C-E*,"Citigroup Capital XVII,",6.35%,No,No,No,No,Enhanced TruPS Trust Preferred Securities,3/15/12,4/28/14
C-R*,"Citigroup Capital X,",6.10%,No,No,No,No,TruPS Capital Securities,9/30/08,10/01/13
BXS-A*,"BancorpSouth Capital Trust I,",8.15%,No,No,No,No,TruPS Trust Preferred Securities,1/28/07,8/12/13
C-W*,"Citigroup Capital XVI,",6.45%,No,No,No,No,Enhanced TruPS Trust Preferred Securities,12/31/11,7/15/13
C-V*,"Citigroup Capital VII,",7.125%,No,No,No,No,TruPS Capital Securities,7/31/06,4/16/13
C-U*,"Citigroup Capital XV,",6.50%,No,No,No,No,Enhanced TruPS Trust Preferred Securities,9/15/11,4/16/13
C-O*,"Citigroup Capital XIV,",6.875%,No,No,No,No,Enhanced TruPS Trust Preferred Securities,6/30/11,4/16/13
C-Z*,"Citigroup Capital VIII,",6.950%,No,No,No,No,TruPS Capital Securities,9/17/06,4/16/13
BWF*,"Wells Fargo Capital XII,",7.875%,No,No,No,No,Enhanced TruPS Trust Preferred Securities,3/15/13,3/15/13
COF-B*,"Capital One Capital II,",7.50%,No,No,No,No,Enhanced TRUPS Trust Preferred Securities,6/15/11,1/02/13
C-G**,"Citigroup Capital XX,", 7.875%,No,No,No,No,Enhanced TruPS Trust Preferred Securities,12/15/12,12/17/12
C-F*,"Citigroup Capital XIX,",7.25%,No,No,No,No,Enhanced TruPS Trust Preferred Securities,8/15/12,8/15/12
NCC-C*,"National City Capital Trust IV,",8.00%,No,No,No,No,TruPS (Enhanced Trust Preferred Sec),8/30/12,7/30/12
KRB-D*,"MBNA Capital D,",8.125%,No,No,No,No,"TRUPS Trust Preferred Securities, Series D",10/01/07,7/25/12
FBF-N*,"Fleet Capital Trust IX,",6.00%,No,No,No,No,TruPS Trust Preferred Securities,7/31/08,7/25/12
KEY-F*,"KeyCorp Capital X,",8.00%,No,No,No,No,Enhanced TruPS Trust Preferred Securities,3/15/13,7/12/12
FWF*,"Wells Fargo Capital XI,",6.25%,No,No,No,No,Enhanced TruPS Trust Preferred Securities,6/15/12,6/15/12
WCO*,"Wells Fargo Capital XIV,",8.625%,No,No,No,No,Enhanced TRUPS Trust Preferred Securities,9/15/13,10/03/11
KEY-A*,"KeyCorp Capital V,",5.875%,No,No,No,No,TruPS Trust Preferred Securities,7/21/08,9/01/11
ONB-B*,"ONB Capital Trust II,",8.00%,No,No,No,No,TRUPS Trust Preferred Securities,4/12/07,12/15/10
TE-T*,"TECO Capital Trust I,",8.50%,No,No,No,No,TRUPS Trust Preferred Securities,12/20/05,12/20/06
GUP-C*,"Gulf Power Capital Trust III,",7.375%,No,No,No,No,TruPS Trust Preferred Securities,11/16/06,12/18/06
STI-V*,"SunTrust Capital V,",7.05%,No,No,No,No,TruPS Trust Preferred Securities,12/07/06,12/15/06
LNC-V*,"Lincoln National Capital V,",7.65%,No,No,No,No,"TruPS Trust Preferred Securities, Series E",11/19/06,11/19/06
STA-A*,"St. Paul Capital Trust I,",7.60%,No,No,No,No,TRUPS Trust Preferred Securities,11/13/06,11/17/06
STI-*,"SunTrust Capital IV,",7.125%,No,No,No,No,TruPS Trust Preferred Securities,10/17/06,11/13/06
HLI-B*,"Hartford Life Capital II,",7.625%,No,No,No,No,TruPS Trust Preferred Securities B,3/06/06,7/14/06
RF-*,"Regions Financing Trust I,",8.00%,No,No,No,No,TRUPS Trust Preferred Securities,2/26/06,2/26/06
AGC-B*,"American General Capital III,",8.05%,No,No,No,No,TruPS Preferred Securities,12/07/05,12/07/05
ONB-A*,"ONB Capital Trust I,",9.50%,No,No,No,No,TRUPS Trust Preferred Securities,3/15/05,5/23/05
C-X*,"Citigroup Capital VI,", 6 7/8%,No,No,No,No,TruPS Capital Securities,3/15/04,10/14/04
DUK-V*,"Duke Energy Capital Trust II,",7.20%,No,No,No,No,TruPS Trust Preferred Securities,6/30/04,6/30/04
WEC-A*,"WEC Capital Trust I,",6.85%,No,No,No,No,TruPS Trust Preferred Securities,3/25/04,3/26/04
HLI-A*,"Hartford Life Capital I,",7.20%,No,No,No,No,TruPS Trust Preferred Securities,6/30/03,3/15/04
SVA-*,"Savannah Electric Capital Trust I,",6.85%,No,No,No,No,TruPS Trust Preferred Securities,12/09/03,1/16/04
MCN-S*,"MCN Financing II,",8 5/8%,No,No,No,No,TruPS Trust Preferred Securities,11/15/03,1/15/04
C-W**,"Citigroup Capital V,",7%,No,No,No,No,TruPS Trust Preferred Securities,11/15/03,11/15/03
CIH-A*,"Citicorp Capital III,",7.10%,No,No,No,No,TruPS Trust Preferred Securities,8/15/03,10/03/03
C-N*,"Citigroup Capital IV,",6.85%,No,No,No,No,TRUPS Trust Preferred Securities,1/22/03,3/03/03
SSR*,"SSBH Capital I,",7.20%,No,No,No,No,TRUPS Trust Preferred Securities,1/28/03,3/03/03
MER-D*,"Merrill Lynch Preferred Capital Trust III,",7.00%,No,No,No,No,TOPrS Preferred Securities,3/30/08,1/29/16
MER-E*,"Merrill Lynch Preferred Capital Trust IV,",7.12%,No,No,No,No,TOPrS Preferred Securities,6/30/08,1/29/16
MER-F*,"Merrill Lynch Preferred Capital Trust V,", 7.28%,No,No,No,No,TOPrS Preferred Securities,9/30/08,1/29/16
PL-B*,"PLC Capital Trust V,",6 1/8%,No,No,No,No,TOPrS Trust Orig Preferred Securities,1/27/09,3/25/15
VLY-A*,"VNB Capital Trust I,",7 3/4%,No,No,No,No,TOPrS Trust Orig Preferred Securities,11/07/06,10/25/13
WRB-A*,"W.R. Berkley Capital Trust II,",6.75%,No,No,No,No,TOPrS Trust Originated Preferred Securities,7/26/10,5/26/13
TMK-A*,"Torchmark Capital Trust III,",7.10%,No,No,No,No,TOPrS Trust Orig Preferred Securities,6/01/11,10/24/12
ABW-A*,"ASBC Capital I,",7 5/8%,No,No,No,No,TOPrS Trust Orig Preferred Securities,5/30/07,10/01/12
KRB-E*,"MBNA Capital E,",8.10%,No,No,No,No,"TOPrS Trust Orig Preferred Securities, Series E",2/15/08,7/25/12
PL-S*,"PLC Capital Trust III,",7 1/2%,No,No,No,No,TOPrS Trust Orig Preferred Securities,8/22/06,6/19/12
PL-A*,"PLC Capital Trust IV,",7.25%,No,No,No,No,TOPrS Trust Orig Preferred Securities,9/25/07,6/19/12
DTE-C*,"DTE Energy Trust II,",7.50%,No,No,No,No,TOPrS Trust Orig Preferred Securities,6/01/09,12/29/11
LG-A*,"Laclede Capital Trust I,",7.70%,No,No,No,No,TOPrS Trust Orig Preferred Securities,12/16/07,5/05/08
MP-E*,"Mississippi Power Capital Trust II,",7.20%,No,No,No,No,TOPrS Preferred Securities,3/22/07,4/06/07
MER-C*,"Merrill Lynch Preferred Capital Trust II,",8.00%,No,No,No,No,TOPrS Preferred Securities,3/30/07,3/30/07
MER-B*,"Merrill Lynch Preferred Capital Trust I,",7 3/4%,No,No,No,No,TOPrS Preferred Securities,12/30/06,12/30/06
HIG-C*,"Hartford Capital III,",7.45%,No,No,No,No,TOPrS Trust Orig Preferred Securities,10/26/06,11/17/06
TMK-S*,"Torchmark Capital Trust II,",7 3/4%,No,No,No,No,TOPrS Trust Orig Preferred Securities,11/02/06,11/02/06
KRB-C*,"MBNA Capital C,",8.25%,No,No,No,No,"TOPrS Trust Orig Preferred Securities, Series C",1/15/02,9/20/06
PSD-*,"Puget Sound Energy Capital Trust II,",8.40%,No,No,No,No,TOPrS Trust Preferred Securities,6/30/06,6/30/06
CGP-T*,"Coastal Finance I,",8.375%,No,No,No,No,TOPrS Trust Orig Preferred Securities,5/13/03,2/08/06
ACE-A*,"ACE Capital Trust I,",8.875%,No,No,No,No,TOPrS Trust Orig Preferred Securities,12/31/04,12/22/05
PEG-R*,"Enterprise Capital Trust III,",7 1/4%,No,No,No,No,TOPrS Trust Orig Preferred Securities,6/30/03,10/20/05
PEG-S*,"Enterprise Capital Trust I,",7.44%,No,No,No,No,TOPrS Trust Orig Preferred Securities,3/31/03,10/07/05
FBF-K*,"Fleet Capital Trust VI,",8.80%,Yes,No,No,No,Cumul TOPrS Trust Preferred Securities,6/30/05,9/30/05
NAE-T*,"NorAm Financing I,",6 1/4%,No,No,Yes,No,Convertible TOPrS Trust Orig Preferred Securities,6/30/00,8/01/05
CMS-J*,"Consumers Power Co. Financing I,",8.36%,No,No,No,No,TOPrS Preferred Securities,12/31/00,2/25/05
CMS-K*,"Consumers Energy Co. Financing II,",8.20%,No,No,No,No,TOPrS Preferred Securities,9/30/02,2/25/05
CMS-L*,"Consumers Energy Co. Financing III,",9 1/4%,No,No,No,No,TOPrS Preferred Securities,11/04/04,1/24/05
TXU-B*,"TXU Capital II,",8.70%,No,No,No,No,TOPrS Trust Orig Preferred Securities,12/31/04,12/31/04
CNP-C*,"REI Trust I,",7.20%,No,No,No,No,TOPrS Trust Originated Preferred Securities Series C,2/26/04,12/24/04
AGC-A*,"American General Capital I,",7 7/8%,No,No,No,No,TOPrS Preferred Securities,9/08/04,9/08/04
PEC-X*,"Penelec Capital Trust,",7.34%,No,No,No,No,TOPrS Trust Orig Preferred Securities,9/01/04,9/01/04
KLT-T*,"KCPL Financing I,",8.30%,No,No,No,No,TOPrS Trust Orig Preferred Securities,3/31/02,7/21/04
WBK-A*,"Westpac Capital Trust I,",8%,No,No,No,No,TOPrS Trust Orig Preferred Securities,7/16/04,7/16/04
BBC-A**,"Bergen Capital Trust I,",7.80%,No,No,No,No,TOPRS Trust Orig Preferred Securities,5/26/04,5/28/04
HPC-A*,"Hercules Trust I,",9.42%,No,No,No,No,TOPrS Trust Orig Preferred Securities,3/17/04,5/10/04
PST-A*,"PSO Capital I,",8.00%,Yes,No,No,Yes,Cumul Redeem TOPrS Trust Preferred A,4/30/02,5/05/04
AVA-A*,"Avista Capital I,",7 7/8%,No,No,No,No,TOPrS Trust Originated Preferred Securities A,1/15/02,4/28/04
HE-S*,"Hawaiian Electric Industries Capital Trust I,",8.36%,No,No,No,No,TOPrS Preferred Sec,2/04/02,4/16/04
MOT-A*,"Motorola Capital Trust I,",6.68%,No,No,No,No,TOPrS Trust Orig Preferred Securities,2/03/04,3/26/04
AAG-T*,"American Annuity Group Capital Trust I,",9 1/4%,No,No,No,No,TOPrS Preferred Sec,11/07/01,3/08/04
AFG-T*,"American Financial Capital Trust I,",9 1/8%,No,No,No,No,TOPrS Preferred Sec,10/22/01,3/05/04
OXY-B*,"Oxy Capital Trust I,",8.16%,No,No,No,No,TOPrS Trust Orig Preferred Securities,1/20/04,1/20/04
F-T*,"Ford Motor Co. Capital Trust I,",9.0%,No,No,No,No,TOPrS Trust Orig Preferred Sec,12/01/02,1/02/04
POM-T*,"Potomac Electric Power Co. Trust I,",7.375%,No,No,No,No,TOPrS Preferred Securities,6/01/03,12/29/03
BGE-A*,"BGE Capital Trust I,",7.16%,No,No,No,No,TOPrS Trust Orig Preferred Securities,6/15/03,12/22/03
SUG-A*,"Southern Union Financing I,",9.48%,No,No,No,No,TOPrS Trust Orig Preferred Sec,5/17/00,10/31/03
UMG-C*,"MediaOne Finance Trust III,",9.04%,No,No,No,No,TOPrS Trust Orig Preferred Securities,10/28/03,10/28/03
SWX-A*,"Southwest Gas Capital I,",9.125%,No,No,No,No,TOPrS Trust Orig Preferred Securities,12/31/00,9/24/03
TDS-A*,"TDS Capital I,",8.50%,No,No,No,No,TOPrS Trust Orig Preferred Securities,11/18/02,9/02/03
TDS-B*,"TDS Capital II,",8.04%,No,No,No,No,TOPrS Trust Orig Preferred Securities,3/31/03,9/02/03
HI-T*,"Household Capital Trust I,",8 1/4%,No,No,No,No,TOPrS Trust Orig Preferred Securities,6/30/00,8/15/03
NSP-T**,"NSP Financing I,",7 7/8%,No,No,No,No,TOPrS Trust Orig Preferred Securities,1/31/02,7/31/03
LNC-Z*,"Lincoln National Capital III,",7.40%,No,No,No,No,TOPrS Trust Orig Preferred Stock,7/24/03,7/24/03
TCL-**,"TransCanada Capital,",8.75%,Yes,No,No,No,TOPrS Cumul Trust Orig Preferred Securities,7/23/01,7/03/03
PSR-C*,"PSCO Capital Trust I,",7.60%,No,No,No,No,TOPrS Trust Orig Preferred Securities,5/11/03,6/30/03
UDS-A*,"UDS Capital I,",8.32%,No,No,No,No,TOPrS Trust Orig Preferred Securities,6/30/02,6/30/03
SO-B*,"Southern Co. Capital Trust IV,",7 1/8%,No,No,No,No,TOPrS Trust Orig Preferred Sec,6/30/03,6/30/03
DUK-T*,"Duke Capital Financing Trust I,",7 3/8%,No,No,No,No,TOPrS Trust Orig Preferred Sec,6/30/03,6/30/03
BAC-Y**,"BankAmerica Capital IV,",7%,No,No,No,No,TOPrS Trust Orig Preferred Securities,2/24/03,5/30/03
FBF-H*,"Fleet Capital Trust I,",8.00%,Yes,No,No,No,Cumul TOPrS Trust Preferred,4/15/01,5/08/03
FBF-I*,"Fleet Capital Trust III,",7.05%,Yes,No,No,No,Cumul TOPrS Trust Preferred,3/31/03,5/07/03
FBF-J*,"Fleet Capital Trust IV,",7.17%,Yes,No,No,No,Cumul TOPrS Trust Preferred,3/31/03,5/07/03
USB-A*,"USB Capital II,",7.20%,No,No,No,No,TOPrS Trust Orig Preferred Securities,4/01/03,4/01/03
CWE-T*,"Comed Financing I,",8.48%,No,No,No,No,TOPrS Trust Orig Preferred Securities,9/30/00,3/20/03
IAC-A*,"IAC Capital Trust,", 8 1/4%,No,No,No,No,TOPrS Trust Orig Preferred Securities A,12/31/02,12/31/02
GWF-T*,"Great Western Financial Trust I,", 8 1/4%,No,No,No,No,TOPrS Trust Orig Preferred,12/31/00,11/29/02
ALP-R*,"Alabama Power Capital Trust II,",7.60%,No,No,No,No,TOPrS Trust Orig Preferred Sec,1/16/02,10/31/02
PL-T*,"PLC Capital Trust I,",8 1/4%,No,No,No,No,TOPrS Trust Orig Preferred Securities,4/29/02,10/25/02
PPL-D*,"PP&amp;L Capital Trust II,",8.10%,No,No,No,No,TOPrS Trust Orig Preferred Securities,7/01/02,9/18/02
RLR-B*,"ReliaStar Financing II,",8.10%,No,No,No,No,TOPrS Trust Orig Preferred Securities,6/03/02,7/15/02
P-C*,Phillips,66,No,No,No,Yes,"Capital I, 8.24% Redeem Defer TOPrS Preferred",5/29/01,5/31/02
MP-D**,"Mississippi Power Capital Trust I,",7.75%,No,No,No,No,TOPrS Preferred Securities,2/26/02,5/23/02
PPL-C*,"PP&amp;L Capital Trust,",8.20%,No,No,No,No,TOPrS Trust Orig Preferred Securities,4/01/02,5/10/02
NRS*,"National Rural Utilities Coop Finance Corp.,",7.40%,No,No,No,No,QUICS due 11/1/2050,11/01/06,6/01/07
NRY*,"National Rural Utilities Coop Finance Corp.,",7.625%,No,No,No,No,QUICS due 6/15/2050,6/15/06,6/15/06
NRX*,"National Rural Utilities Coop Finance Corp.,",7.375%,No,No,No,No,QUICS,9/15/03,10/15/03
NRV*,"National Rural Utilities Coop Finance Corp.,",7.65%,No,No,No,No,QUICS,9/15/02,3/28/03
EDL*,"Consolidated Edison Co. of NY,",7 3/4%,No,No,No,No,QUICS Qrtly Inc Cap Sec,3/31/01,1/12/03
HLNQ,"Hilton Hotels Corp.,",8.00%,No,No,No,No,Quarterly Interest Bonds QUIBS due 8/15/2031,8/21/06,11/25/13
KVZ*,"Verizon New England,",7%,No,No,No,No,"QUIBS Quarterly Interest Bonds, Series B due 5/15/2042",5/10/07,12/10/07
ILD*,"Aquila Inc.,",7.875%,No,No,No,No,Quarterly Interest Bonds QUIBS due 3/1/2032,2/28/07,6/15/07
DCQ*,"Walt Disney Co.,",7%,No,No,No,No,QUIBS Quarterly Interest Bonds due 11/1/2031,10/24/06,11/22/06
BLB**,"BellSouth Capital Funding Corp.,",7 3/8%,No,No,No,No,QUIBS Qrtly Int Bonds,8/01/04,8/01/04
TFD*,"Transamerica Finance Corp.,",7.10%,No,No,No,No,Senior Qrtly Int Bonds QUIBS,11/03/03,11/03/03
ALJ*,"Allstate Corp.,",7.125%,No,No,No,Yes,Redeem QUIBS Senior Bonds,12/19/02,12/19/02
XSS*,"United States Steel Corp.,",10%,No,No,No,No,SQUIDS Senior Qrtly Int Debt Sec due 12/31/2031,12/31/06,1/02/07
DTH*,"Detroit Edison Co.,",7.375%,No,No,No,No,QUIDS Qrtly Income Debt Securities,12/31/03,3/04/05
DTA*,"Detroit Edison Co.,",7 5/8%,No,No,No,No,QUIDS Qrtly Income Debt Securities,3/31/01,3/04/05
DTB*,"Detroit Edison Co.,",7.54%,No,No,No,No,QUIDS Qrtly Income Debt Securities,6/30/03,3/04/05
MBD*,"MBIA Inc.,",6.95%,No,No,No,No,Senior QUIDS Qrtly Inc Debt Sec due 2038,11/01/03,12/24/04
PGB*,"Portland General Electric Co.,",8.25%,No,No,No,No,QUIDS Debentures Ser A,10/10/00,6/30/04
SCE.Q*,"Southern California Edison,",8.375%,No,No,No,No,Qrtly Int Debt Secur QUIDS,5/25/00,1/26/04
VPA*,"Virginia Electric &amp; Power Co.,",6.70%,No,No,No,No,LIQUIDs Senior Notes due 2009,6/30/02,12/15/03
SGSLP*,"Seagram (Joseph E.) &amp; Sons,",8%,No,No,No,No,Senior QUIDS,11/20/03,11/20/03
FSA*,"Financial Security Assurance Holdings Ltd,",6.950%,No,No,No,No,Senior QUIDS,11/01/03,11/01/03
FSD*,"Financial Security Assurance Holdings Ltd,",7.375%,No,No,No,No,Senior QUIDS,9/18/02,12/12/02
WQP*,West Penn Power Co.,8.00%,No,No,No,Yes,Redeem QUIDS,6/12/00,5/22/02
AHL-*,"Aspen Insurance Holdings Ltd,",5.625%,No,Yes,No,No,PIERS Perp Pref Income Equity Repl Sec,1/01/09,5/30/13
RGA-A*,"RGA Capital Trust I,", 5.75%,No,No,No,No,PIERS Units due 3/18/2051,N/A,3/03/11
SLG-A*,"SL Green Realty Corp.,",8.0%,No,No,No,Yes,PIERS Preferred Inc Eq Redeem Shares,7/15/03,10/01/03
GGP-A**,"General Growth Properties,",7.25%,No,No,No,No,PIERS Dep Shares Preferred Stock,7/15/03,7/15/03
SOV-*,"Sovereign Capital Trust II,",7.50%,No,No,No,No,PIERS Units Trust Preferred,11/20/29,6/27/03
KCC,"Structured Products CorTS II, Provident Financing Trust I,",8.20%,No,No,No,No,Certificates,3/21/06,2/13/17
HYL*,"Structured Products CorTS II, Goldman Sachs Cap I,",6.00%,No,No,No,No,Certificates,4/15/09,1/05/15
HYK*,"Structured Products CorTS, Goldman Sachs Capital I,",6.00%,No,No,No,No,Certificates,2/27/09,5/17/13
KSA*,"Structured Products CorTS, Provident Financing Trust I,",8.50%,No,No,No,No,Certificates,2/07/06,4/17/13
KRJ*,"Structured Products CorTS III, Provident Financing Trust I,",8.10%,No,No,No,No,Certificates,4/30/06,4/17/13
KNR*,"Structured Products CorTS, Bristol-Myers Squibb Deb,",6.80%,No,No,No,No,Certificates,5/23/07,12/20/12
HYH*,"Structured Products CorTS, Weyerhaeuser Co. Deb,",6.00%,No,No,No,No,Certificates,2/23/09,10/09/12
KNO*,"Structured Products CorTS, SunAmerica Debentures,",6.70%,No,No,No,No,Certificates,5/17/07,10/03/12
KCW*,"Structured Products CorTS, US West Communications,",7.5%,No,No,No,No,Certificates,4/10/06,8/16/12
KSK*,"Structured Products CorTS, Ford Debentures,",7.4%,No,No,No,No,Certificates,2/28/06,6/19/12
HYY*,"Structured Products CorTS III, Verizon Global Fund Notes,",6.25%,No,No,No,No,Certificates,4/26/09,6/13/12
HZD*,"Structured Products CorTS V, IBM Debentures,",6.40%,No,No,No,No,Certificates,9/29/11,6/11/12
HZK*,"Structured Products CorTS VI, IBM Debentures,",6.375%,No,No,No,No,Certificates,10/20/11,6/11/12
HYM*,"Structured Products CorTS, Boeing Company Notes,",6.125%,No,No,No,No,Certificates,4/23/09,3/12/12
KTX*,"Structured Products CorTS, Xerox Capital Trust I,",8.0%,No,No,No,No,Certificates,2/01/11,5/23/11
KVR*,"Structured Products CorTS, GE Capital Corp.,",6.00%,No,No,No,No,Certificates due 3/15/2032,12/27/07,5/10/11
KTV*,"Structured Products CorTS, First Union Inst Capital I,",8.20%,No,No,No,No,Certificates,12/01/10,4/27/11
KVF*,"Structured Products CorTS III, Aon Capital A,",7.75%,No,No,No,No,Certificates,5/31/07,2/14/11
KVW*,"Structured Products CorTS IV, Aon Capital A,",8.00%,No,No,No,No,Certificates,2/21/08,2/14/11
KTBB*,"Structured Products CorTS, BellSouth Cap Fund Deb,",7.12%,No,No,No,No,Certificates,4/06/06,1/31/11
KOB*,"Structured Products CorTS II, Sherwin-Williams Debs",7.625%,No,No,No,No,Certificates,6/11/06,12/28/10
KCT*,"Structured Products CorTS, Sherwin-Williams Debs,",7.5%,No,No,No,No,Certificates,4/10/06,12/28/10
KRH*,"Structured Products CorTS, AFC Capital Trust I,",7.75%,No,No,No,No,Certificates,4/25/06,12/22/10
KVT*,"Structured Products CorTS, Dow Chemical Deb,",6.375%,No,No,No,No,Certificates,3/06/08,10/22/10
KTBC*,"Structured Products CorTS II, BellSouth Debentures,",7.00%,No,No,No,No,Certificates,3/23/06,10/01/10
KVU*,"Structured Products CorTS II, Ford Motor Co.,",8.00%,No,No,No,No,Certificates,3/12/08,9/28/10
HYA*,"Structured Products CorTS II, Verizon Global Fund Notes,",6.125%,No,No,No,No,Certificates,12/23/08,9/24/10
KVJ*,"Structured Products CorTS, Walt Disney Notes,",6.875%,No,No,No,No,Certificates,6/14/07,9/10/10
KVN*,"Structured Products CorTS, Unum Notes,",7.5%,No,No,No,No,Certificates,7/26/07,6/11/10
KOS*,"Structured Products CorTS III, Sherwin-Williams Deb,",7.25%,No,No,No,No,Certificates,2/01/07,5/25/10
KVM*,"Structured Products CorTS IV, IBM Debentures,",7.00%,No,No,No,No,Certificates,7/12/07,9/25/09
HYJ*,"Structured Products CorTS, IBM Corp. Debentures,",5.625%,No,No,No,No,Certificates,2/23/09,9/23/09
KVL*,"Structured Products CorTS, Verizon Global Fund Notes,",7.375%,No,No,No,No,Certificates,6/28/07,10/09/07
KVO*,"Structured Products CorTS IV, SAFECO Capital Trust I,",8.375%,No,No,No,No,Certificates,7/15/07,7/15/07
KTJ*,"Structured Products CorTS, SAFECO Capital Trust I,",8.75%,No,No,No,No,Certificates,7/15/07,7/15/07
KNH*,"Structured Products CorTS III, SAFECO Capital Trust I,",8.072%,No,No,No,No,Certificates,4/19/07,6/28/07
KCN*,"Structured Products CorTS, Chrysler Debentures,",8.0%,No,No,No,No,Certificates,3/30/06,5/02/07
KCV*,"Structured Products CorTS II, Chrysler Debs,",7.875%,No,No,No,No,Certificates,4/18/06,5/02/07
KTS*,"Structured Products CorTS, Southern Co. Cap Trust I,",8.19%,No,No,No,No,Certificates,2/01/07,2/02/07
KRV*,"Structured Products CorTS, Great Western Fin,",7.625%,No,No,No,No,Certificates,2/01/07,2/01/07
KOK*,"Structured Products CorTS, BankAmerica Inst Cap B,",7.0%,No,No,No,No,Certificates,8/31/06,1/26/07
KCJ*,"Structured Products CorTS II, IBM Debentures,",7.125%,No,No,No,No,Certificates,3/30/06,12/18/06
KNW*,"Structured Products CorTS, WR Berkley Capital Trust,",8.25%,No,No,No,No,Certificates,12/15/06,12/15/06
KSJ*,"Structured Products CorTS II, Countrywide Capital I,",8%,No,No,No,No,Certificates,12/15/06,12/15/06
KTZ*,"Structured Products CorTS, Countrywide Capital I,",8.0%,No,No,No,No,Certificates,12/15/06,12/15/06
KTE*,"Structured Products CorTS, Allstate Financing II,",8.00%,No,No,No,No,Certificates,12/01/06,12/01/06
KRK*,"Structured Products CorTS III, IBM Debentures,",7.20%,No,No,No,No,Certificates,5/09/06,11/16/06
KOE*,"Structured Products CorTS II, Aon Capital A,",7.75%,No,No,No,No,Certificates,7/13/06,10/06/06
KCX*,"Structured Products CorTS II, First Union Capital I",7.50%,No,No,No,No,Certificates,4/12/06,7/28/06
KRD*,"Structured Products CorTS III, First Union Inst Cap II",7.5%,No,No,No,No,Certificates,4/25/06,6/28/06
KRL*,"Structured Products CorTS II, SAFECO Capital Trust I,",8.70%,No,No,No,No,Certificates,5/30/06,5/30/06
KOH*,"Structured Products CorTS, Corning Notes,",8.00%,No,No,No,No,Certificates,4/04/05,5/19/06
KTK*,"Structured Products CorTS, Fleet Capital Trust II,",8.0%,No,No,No,No,Certificates,1/23/06,3/03/06
KSO*,"Structured Products CorTS, IBM Debentures,",7.125%,No,No,No,No,Certificates,2/28/06,2/28/06
KVP*,"Structured Products CorTS, GE Global Insurance,",6.25%,No,No,No,No,Certificates,10/30/07,5/19/04
HYG*,"Structured Products CorTS, Verizon Maryland Debentures,",6.00%,No,No,No,No,Certificates,1/16/09,5/13/04
TZF*,"Bear Stearns Depositor TRUCs Certs 2001-2,",7.10%,No,No,No,No,IBM Corp.,7/10/06,3/28/16
TZK*,"Bear Stearns Depositor TRUCs Certs 2002-1,",7.70%,No,No,No,No,Ford Motor Co.,5/15/07,10/10/12
TZI*,"Bear Stearns Depositor TRUCs Certs 2001-4,",7.00%,No,No,No,No,BellSouth,10/26/06,2/15/07
TZG*,"Bear Stearns Depositor TRUCs Certs 2001-3,",7.125%,No,No,No,No,BellSouth,7/12/06,2/09/07
TZE*,"Bear Stearns Depositor TRUCs Certs 2001-1,",7.45%,No,No,No,No,AT&amp;T Corp.,6/19/06,3/30/06
EFM**,"Entergy Mississippi,",6.20%,No,No,No,No,Series First Mortgage Bonds due 4/15/2040,4/15/15,10/17/16
EMZ*,"Entergy Mississippi,",6.00%,No,No,No,No,Series First Mortgage Bonds due 5/1/2051,5/01/16,10/17/16
ELB**,"Entergy Louisiana LLC,",6.00%,No,No,No,No,Series First Mortgage Bonds due 3/15/2040,3/15/15,9/16/16
ELA*,"Entergy Louisiana LLC,",5.875%,No,No,No,No,Series First Mortgage Bonds due 6/15/2041,11/23/15,9/16/16
EAA*,"Entergy Arkansas,",5.75%,No,No,No,No,Series First Mortgage Bonds due 11/1/2040,11/01/15,9/15/16
EMQ*,"Entergy Mississippi,",6.00%,No,No,No,No,Series First Mortgage Bonds due 11/1/2032,11/01/07,6/13/16
EDT*,"Entergy Texas,",7.875%,No,No,No,No,Series Mortgage Bonds due 6/1/2039,6/01/14,6/16/14
AZ.GA*,"Allianz SE,",8.375%,No,No,No,No,Undated Subordinated Callable Bonds,6/15/13,6/15/13
WRS*,"Westar Energy,",6.10%,No,No,No,No,Series First Mortgage Bonds due 5/15/2047,5/15/12,5/15/12
EHA*,"Entergy Arkansas,",6.70%,No,No,No,No,Series First Mortgage Bonds due 4/01/2032,4/01/07,11/08/10
EHB*,"Entergy Arkansas,",6%,No,No,No,No,Series First Mortgage Bonds due 11/01/2032,11/12/07,11/08/10
EMO*,"Entergy Mississippi,",7.25%,No,No,No,No,Series First Mortgage Bonds due 12/1/2032,11/22/07,5/14/10
EHL*,"Entergy Louisiana,",7.60%,No,No,No,No,Series First Mortgage Bonds due 4/1/2032,4/01/07,4/19/10
RGE*,"Rochester Gas &amp; Electric Corp.,",6.65%,No,No,No,No,First Mortgage Bonds UU due 6/15/2032,6/20/07,7/23/07
THB*,"Tommy Hilfiger USA Inc.,",9.00%,No,No,No,No,Senior Bonds due 12/1/2031,12/03/06,12/05/06
POB*,"Philadelphia Auth for Ind Devel,",6.55%,No,No,No,No,Pension Bonds,N/A,12/20/04
DQZ*,"Duquesne Light Co.,",7 3/8%,No,No,No,No,Quarterly Interest Bonds due 2038,5/01/03,8/01/03
NJP*,"New Jersey Economic Devel Auth,",7.60%,No,No,No,No,Bonds Series 1997C,6/30/02,4/17/03
GJAZ*,"Synthetic Fixed-Income Sec STRATS 2003-1,",6.00%,No,No,No,No,BellSouth Telecom,9/26/08,2/02/15
GJD*,"Synthetic Fixed-Income Sec STRATS 2004-02,",6.50%,No,No,No,No,Sprint Capital Corp.,1/30/09,9/05/13
GJX*,"Synthetic Fixed-Income Sec STRATS 2007-02,",7.00%,No,No,No,No,BNSF Funding Trust I,7/15/12,7/17/12
GJE*,"Synthetic Fixed-Income Sec STRATS 2004-03,",5.90%,No,No,No,No,Dominion Resources,2/12/09,6/13/11
GJG*,"Synthetic Fixed-Income Sec STRATS 2004-05,",6.125%,No,No,No,No,Time Warner,3/12/09,9/08/10
GJB*,"Synthetic Fixed-Income Sec STRATS 2004-01,",6.00%,No,No,No,No,Boeing Securities,1/23/09,7/15/10
HJR*,"MS Structured Asset SATURNS 2005-03,",7.00%,No,No,No,No,Limited Brands Inc.,12/16/10,6/12/14
HJN*,"MS Structured Asset SATURNS 2005-01,",6.125%,No,No,No,No,Goldman Sachs Capital I,12/15/09,6/06/14
HJJ*,"MS Structured Asset SATURNS 2004-04,",6.00%,No,No,No,No,Goldman Sachs Capital I,3/04/09,6/05/14
HJL*,"MS Structured Asset SATURNS 2004-06,",6.00%,No,No,No,No,Goldman Sachs Cap I,4/15/09,5/28/13
HJT*,"MS Structured Asset SATURNS 2006-02,",7.375%,No,No,No,No,Cummins Engine Co. due 3/1/2098,8/02/11,3/20/13
MKS*,"MSDW Structured Asset SATURNS 2002-11,",6.00%,No,No,No,No,AIG Capital,10/28/07,3/01/13
HJO*,"MS Structured Asset SATURNS 2005-02,",6.875%,No,No,No,No,Aon Capital A,1/27/10,11/30/12
HJG*,"MS Structured Asset SATURNS 2004-02,",5.75%,No,No,No,No,Goldman Sachs,2/11/09,8/17/12
DKP*,"MS Structured Asset SATURNS 2003-06,",6%,No,No,No,No,Goldman Sachs Deb,4/03/08,7/31/12
MJH*,"MSDW Structured Asset SATURNS 2001-06,",7.25%,No,No,No,No,Bank of America,12/31/06,7/26/12
DKQ*,"MS Structured Asset SATURNS 2003-07,",6.25%,No,No,No,No,May Dept Stores,5/07/08,3/29/12
DHM*,"Structured Obligations, COBALTS",8.125%,No,No,No,No,Sprint Cap Notes Certificates 2002-1,11/15/07,6/06/11
DKF*,"MS Structured Asset SATURNS 2002-15,",8%,No,No,No,No,Goodrich Corp.,1/06/08,5/17/11
MJF*,"MSDW Structured Asset SATURNS 2001-04,",9.25%,No,No,No,No,Cummins Engine,6/05/06,5/17/11
DKC*,"MS Structured Asset SATURNS 2002-14,",6%,No,No,No,No,GE Capital Corp. due 3/15/2032,11/14/07,4/25/11
MJY*,"MSDW Structured Asset SATURNS 2002-07,",7.875%,No,No,No,No,DPL Capital Trust II,7/09/07,2/22/11
MJT*,"MSDW Structured Asset SATURNS 2002-03,",7.875%,No,No,No,No,DPL Capital Trust II,3/19/07,2/22/11
MJV*,"MSDW Structured Asset SATURNS 2002-04,",8%,No,No,No,No,DPL Capital Trust II,4/25/07,2/22/11
DKK*,"MS Structured Asset SATURNS 2003-03,",8%,No,No,No,No,Aon Capital A,2/27/08,12/06/10
DKW*,"MS Structured Asset SATURNS 2003-11,",5.625%,No,No,No,No,Goldman Sachs,7/31/08,11/04/10
DKI*,"MS Structured Asset SATURNS 2003-02,",8.625%,No,No,No,No,Sprint Capital,2/19/08,11/01/10
DKM*,"MS Structured Asset SATURNS 2003-04,",6.375%,No,No,No,No,Dow Chemical Debentures,3/20/08,10/25/10
DKY*,"MS Structured Asset SATURNS 2003-13,",6.25%,No,No,No,No,Credit Suisse FB USA,8/28/08,10/14/10
DKL*,"MS Structured Asset SATURNS 2003-05,",8.125%,No,No,No,No,Ford Motor Deb,3/14/08,10/14/10
DKR*,"MS Structured Asset SATURNS 2003-08,",7.00%,No,No,No,No,Hertz Corp.,5/28/05,9/07/10
HJE*,"MS Structured Asset SATURNS 2004-01,",6.125%,No,No,No,No,Verizon Global Funding,1/08/09,8/30/10
DKX*,"MS Structured Asset SATURNS 2003-12,",7.00%,No,No,No,No,DaimlerChrysler,8/20/08,1/20/10
DKT*,"MS Structured Asset SATURNS 2003-09,",7.125%,No,No,No,No,Altria Group,6/05/08,3/05/08
HJB*,"MS Structured Asset SATURNS 2003-16,",7.125%,No,No,No,No,Altria Group,11/06/08,2/13/08
MKK*,"MSDW Structured Asset SATURNS 2002-10,",7.00%,No,No,No,No,CSFB USA Deb,8/20/07,11/14/07
MKE**,"MSDW Structured Asset SATURNS 2002-09,",7.50%,No,No,No,No,Verizon Global,7/30/07,8/27/07
MJW*,"MSDW Structured Asset SATURNS 2002-05,",8.25%,No,No,No,No,SAFECO Capital Trust I,7/15/07,7/16/07
MJM*,"MSDW Structured Asset SATURNS 2001-07,",8.25%,No,No,No,No,SAFECO Capital Trust I,7/15/07,7/16/07
MJO*,"MSDW Structured Asset SATURNS 2002-01,",7.50%,No,No,No,No,Aon Capital,2/26/07,3/09/07
MJX*,"MSDW Structured Asset SATURNS 2002-06,",7.125%,No,No,No,No,JPMorgan Chase,2/01/07,2/20/07
MJZ*,"MSDW Structured Asset SATURNS 2002-08,",9.25%,No,No,No,No,AT&amp;T Wireless,7/11/07,2/07/07
MJE*,"MSDW Structured Asset SATURNS 2001-03,",7.125%,No,No,No,No,BellSouth Deb,7/15/06,2/07/07
HJK*,"MS Structured Asset SATURNS 2004-05,",5.875%,No,No,No,No,BellSouth Debentures,3/11/09,2/07/07
MJB*,"MSDW Structured Asset SATURNS 2001-01,",7.125%,No,No,No,No,IBM Debs,6/01/06,12/01/06
MJD*,"MSDW Structured Asset SATURNS 2001-02,",8.625%,No,No,No,No,Citizens Comm,5/11/06,10/02/06
DKZ*,"MS Structured Asset SATURNS 2003-14,",6.875%,No,No,No,No,Variable AT&amp;T Corp.,9/30/08,2/08/06
HJM*,"MS Structured Asset SATURNS 2004-07,",7.00%,No,No,No,No,Variable AT&amp;T Debs,4/29/09,2/08/06
HJD*,"MS Structured Asset SATURNS 2003-17,",7.125%,No,No,No,No,Variable AT&amp;T Corp.,11/25/08,2/08/06
HJH*,"MS Structured Asset SATURNS 2004-03,",6.75%,No,No,No,No,Variable AT&amp;T Deb,2/26/09,2/08/06
MJN*,"MSDW Structured Asset SATURNS 2001-08,",7.40%,No,No,No,No,AT&amp;T Corp.,12/20/06,2/08/06
DKV*,"MS Structured Asset SATURNS 2003-10,",7.75%,No,No,No,No,Hertz Corp.,7/24/08,12/27/05
DKA*,"MSDW Structured Asset SATURNS 2002-13,",6.25%,No,No,No,No,GE Global Ins,10/29/07,5/18/04
MOK*,"MSDW Structured Asset SATURNS 2002-12,",6.25%,No,No,No,No,GE Global Ins,10/29/07,5/18/04
DSK*,Morgan Stanley SPARQS,8%,No,No,No,No,Deere and Co. due 5/20/2008,N/A,12/13/07
APE*,Morgan Stanley SPARQS,10%,No,No,No,No,"Apple Computer, Inc. due 12/20/2007",N/A,6/20/07
COQ*,Morgan Stanley SPARQS,7.5%,No,No,No,No,Coach Inc. due 1/15/2007,N/A,11/27/06
ASE*,Morgan Stanley SPARQS,10%,No,No,No,No,"Apple Computer, Inc. due 12/1/2006",N/A,11/17/06
VLR*,Morgan Stanley SPARQS,9%,No,No,No,No,Valero Energy Corp. due 11/1/2006,N/A,5/01/06
NVE**,Morgan Stanley SPARQS,10%,No,No,No,No,NVIDIA Corp. due 7/1/2006,N/A,1/01/06
XFR*,"Lehman ABS Corp Bkd Trust Certs 2002-18,",6.25%,No,No,No,No,Bristol-Myers Squibb,10/31/07,11/19/13
PYB*,ML Depositor PPLUS Trust,5.75%,No,No,No,No,Goldman Sachs Certificates GSG-2,8/15/08,4/13/15
PZB**,ML Depositor PPLUS Trust,6.70%,No,No,No,No,Limited Brands Inc. Certificates LTD-1,3/01/11,3/09/15
PYK*,ML Depositor PPLUS Trust,6.25%,No,No,No,No,Goldman Sachs Cap I Certificates GSC-1,2/15/09,7/07/14
PYC*,ML Depositor PPLUS Trust,6.00%,No,No,No,No,Goldman Sachs Cap I Certificates GSC-3,8/15/09,6/12/14
PYY*,ML Depositor PPLUS Trust,6.00%,No,No,No,No,Goldman Sachs Cap I Certificates GSC-4,2/15/11,5/16/14
PJI*,ML Depositor PPLUS Trust,6.00%,No,No,No,No,Goldman Sachs Certificates GSG-1,2/15/08,4/25/13
PYL*,ML Depositor PPLUS Trust,6.70%,No,No,No,No,Liberty Media Certificates LMG-4,2/01/10,3/18/13
PYA*,ML Depositor PPLUS Trust,7.00%,No,No,No,No,Liberty Media Certificates LMG-3,8/01/09,3/18/13
FJA*,ML Depositor PPLUS Trust,7.10%,No,No,No,No,Embarq Corp. Certificates EQ-1,6/01/12,3/18/13
PYJ*,ML Depositor PPLUS Trust,6.25%,No,No,No,No,Comcast Corp. Certificates CMT-1,3/15/09,9/15/12
PJZ*,ML Depositor PPLUS Trust,7.25%,No,No,No,No,Valero Energy Certificates VAL-1,4/15/08,3/03/11
PYO*,ML Depositor PPLUS Trust,7.25%,No,No,No,No,DaimlerChrysler NA Certificates DCNA-1,7/18/09,1/18/11
PJE*,ML Depositor PPLUS Trust,8.25%,No,No,No,No,Ford Motor Certificates FMC-1,1/16/08,12/13/10
PYI*,ML Depositor PPLUS Trust,6.00%,No,No,No,No,Time Warner Certificates TWC-1,5/15/09,11/15/10
PYE*,ML Depositor PPLUS Trust,6.25%,No,No,No,No,Credit Suisse FB Certificates CSF-1,7/15/08,7/14/10
PJW*,ML Depositor PPLUS Trust,6.50%,No,No,No,No,Philip Morris Certificates PMC-1,1/15/08,4/20/08
PYD*,ML Depositor PPLUS Trust,7.00%,No,No,No,No,DaimlerChrysler Certificates DCC-1,9/01/08,6/27/07
PJN*,ML Depositor PPLUS Trust,8.15%,No,No,No,No,Hertz Corp. Certificates HTZ-1,1/15/08,12/28/05
LYG-A*,"Lloyds Banking Group plc,",7.75%,No,No,No,No,PINES (Public Income NotES) due 7/15/2050,7/15/15,7/15/15
VNOD*,"Vornado Realty L.P.,",7.875%,No,No,No,No,Public Income NotES (PINES) due 10/1/2039,10/01/14,10/01/14
GMA*,"GMAC LLC,",7.30%,No,No,No,No,PINES Public Income Notes due 3/9/2031,3/09/06,11/08/13
GEJ*,"General Electric Capital Corp.,",6.00%,No,No,No,No,Public Income Notes PINES due 4/24/2047,4/24/12,1/18/13
GEC*,"General Electric Capital Corp.,",6.10%,No,No,No,No,Public Income Notes PINES due 11/15/2032,11/15/07,1/02/13
GEA*,"General Electric Capital Corp.,",6.625%,No,No,No,No,Public Income Notes PINES due 6/28/2032,6/28/07,1/02/13
GPW*,"Georgia Power Co.,",5.75%,No,No,No,No,Series T Senior PINES due 1/15/2044,1/23/09,9/27/10
UNN*,"UnumProvident Corp.,",7.25%,No,No,No,No,Public Income NotES PINES due 6/15/2032,6/25/07,12/03/07
CLD*,"County of San Diego,",6.125%,No,No,No,No,Public Income Notes PINES 2002C due 8/15/2032,8/15/07,8/15/07
XCH*,"Northern States Power Co.,",8.00%,No,No,No,No,Public Income NotES PINES due 7/1/2042,7/11/07,8/01/07
SBT*,"AT&amp;T Inc.,",7.00%,No,No,No,No,PINES Public Income Notes due 6/01/2041,6/13/06,7/06/07
SVQ**,"Janus Capital Group Inc.,",7.875%,No,No,No,No,PINES Public Income Notes due 4/15/2032,4/05/07,6/26/07
EPB*,"Consolidated Edison Inc.,",7.25%,No,No,No,No,Public Income Notes PINES due 4/01/2042,4/08/07,5/19/07
DQC*,"Duquesne Light Co.,",6.70%,No,No,No,No,PINES Public Income Notes due 4/30/2032,4/30/07,4/30/07
EDV*,"Consolidated Edison Co. of NY,",7.50%,No,No,No,No,Series 2001A Public Income Notes (PINES),7/01/06,10/20/06
MPY*,"Maytag Corp.,",7.875%,No,No,No,No,PINES Public Income Notes due 8/1/2031,8/08/06,8/08/06
MBE*,"MBIA Inc.,",8.00%,No,No,No,No,PINES Public Income Notes,12/15/05,12/21/05
DCA**,"DQE Capital Corp.,",8 3/8%,No,No,No,No,PINES Public Income Notes,9/16/04,10/13/04
EPI*,"Consolidated Edison Co. of NY,",7.35%,No,No,No,No,Series 1999A PINES,7/01/04,7/02/04
CIP*,"AT&amp;T Capital Corp.,",8.25%,No,No,No,No,Senior Public Income Notes PINES,11/15/03,1/15/04
CIC*,"AT&amp;T Capital Corp.,",8.125%,No,No,No,No,Senior Public Income Notes PINES,12/15/03,12/15/03
GRK*,Credit &amp; Asset Repack Veh,7.125%,No,No,No,No,PCARS 2002-2 JPM Capital Trust I,1/15/07,3/23/07
GRD*,Credit &amp; Asset Repack Sec,7.15%,No,No,No,No,PCARS 2001-1 Allstate Fin II,12/01/06,12/05/06
GRH*,Credit &amp; Asset Repack Veh,7.5%,No,No,No,No,PCARS 2002-1 KeyCorp Inst Cap A,12/01/06,12/04/06
CVB,"Lehman ABS Corp Bkd Trust Certs 2002-06,",7.75%,No,No,No,No,Kinder Morgan Debentures,4/16/07,2/02/17
DTZ,"DTE Energy Co.,",6.50% 2011,No,No,No,No,Series I Junior Subordinate Debentures due 12/1/2061,12/01/16,12/28/16
NEE-F*,"NextEra Energy Capital Holdings,",8.75%,No,No,No,No,Series F Jr Sub Debentures due 3/1/2069,3/01/14,3/01/14
AFF*,"American Intl Group,",6.45%,No,No,No,No,Series A-4 Jr Subordinated Debentures due 6/15/2077,6/15/12,6/17/13
CEG-A*,"Constellation Energy Group Inc.,",8.625%,No,No,No,No,Series A Junior Subordinated Debentures,6/15/13,6/15/13
XFD*,"Lehman ABS Corp Bkd Trust Certs 2002-10,",6.70%,No,No,No,No,AIG Debentures due 7/31/2097,6/06/07,3/19/13
AVF*,"American Intl Group,",7.70%,No,No,No,No,Series A-5 Jr Subordinated Debentures due 12/15/2062,12/18/12,3/18/13
XFH*,"Lehman ABS Corp Bkd Trust Certs 2002-12,",8.20%,No,No,No,No,Motorola Debentures,6/18/07,1/10/13
FGC*,"NextEra Energy Capital Holdings,",6.60%,No,No,No,No,Series A Enh Jr Debentures due 10/1/2066,10/01/11,1/09/13
AEP-A*,"American Electric Power Company,",8.75%,No,No,No,No,Junior Subor Debentures due 3/1/2068,3/01/13,12/19/12
AFE*,"American Financial Group,",7 1/8%,No,No,No,No,Senior Debentures due 2/03/2034,2/03/09,9/28/12
FGE*,"NextEra Energy Capital Holdings,",7.45%,No,No,No,No,Series E Jr Sub Debentures due 12/31/2067,9/01/12,9/04/12
MKV*,"Markel Corp.,",7.50%,No,No,No,No,Senior Debentures due 8/22/2046,8/22/11,8/01/12
GFW*,"AAG Holding Co. Inc.,",7 1/2%,No,No,No,No,Senior Debentures due 11/5/2033,11/05/08,7/13/12
GFZ*,"AAG Holding Co. Inc.,",7 1/4%,No,No,No,No,Senior Debentures due 1/23/2034,1/23/09,7/13/12
XFJ*,"Lehman ABS Corp Bkd Trust Certs 2002-14,",8.375%,No,No,No,No,Motorola Debentures,7/19/07,1/14/11
XFB*,"Lehman ABS Corp Bkd Trust Certs 2002-09,",8.125%,No,No,No,No,News America Debentures,6/03/07,12/22/10
VZC*,"Verizon South, Inc.",7.00%,No,No,No,No,"Debentures, Series F, due 4/30/2041",4/30/06,3/23/07
AFK*,"Ambac Financial Group Inc.,",7.00%,No,No,No,No,Debentures due 10/17/2051,10/17/06,10/23/06
JZG*,"Lehman ABS Corp Bkd Trust Certs 2004-01,",6.20%,No,No,No,No,Verizon NY Debentures,1/15/09,5/27/04
DSW**,"Southwestern Bell Telephone Co.,",6 7/8%,No,No,No,No,Debentures due 2048,3/31/03,6/15/03
KPC*,"Kentucky Power Co.,",8.72%,No,No,No,No,Junior Subor Defer Int Debentures A,4/20/00,5/30/03
AKB**,"Ambac Financial Group Inc.,",7.08%,No,No,No,No,Debentures due 3/31/2098,3/31/03,4/28/03
CJA**,Columbus Southern Power,7.92%,No,No,No,No,Junior Subor Debentures Series B,3/05/02,7/24/02
CSJ*,Columbus Southern Power,8.375%,No,No,No,No,Junior Subor Debentures Series A,9/27/00,7/24/02
APJ*,"Appalachian Power Co.,",8 1/4%,No,No,No,No,Junior Subor Debentures Series A,9/17/01,7/24/02
AJA*,"Appalachian Power Co.,", 8.00%,No,No,No,No,Junior Subor Debentures Series B,3/18/02,7/24/02
OPJ*,"Ohio Power Co.,",8.16%,No,No,No,No,Junior Subor Defer Int Debentures A,10/18/00,7/24/02
OJA*,"Ohio Power Co.,",7.92%,No,No,No,No,Junior Subor Defer Int Debentures,3/18/02,7/24/02
TLXNG*,Telxon Corp.,7 1/2%,No,No,Yes,No,Conv Subor Debentures due 6/1/2012,6/01/97,4/15/02
HPTRP,"Hospitality Properties Trust,",7.125%,Yes,No,No,Yes,Series D Cumul Redeem Preferred Shares,1/15/17,2/10/17
IRET-*,"Investors Real Estate Trust,",8.25%,Yes,No,No,Yes,Series A Cumul Redeem Preferred Shares,4/26/09,12/02/16
AHHAP*,"Accredited Mortgage Loan REIT Trust,",9.75%,Yes,No,No,No,Cumul Preferred Shares A,9/30/09,10/31/16
TFG*,"Fixed Income Trust, Series 2011-1,",6.75%,No,No,No,No,Certificates Goldman Sachs Subor Notes,10/01/16,10/03/16
PEB-B*,"Pebblebrook Hotel Trust,",8.00%,Yes,No,No,Yes,Series B Cumulative Redeemable Preferred Shares,9/21/16,9/21/16
DLR-E*,"Digital Realty Trust,",7.00%,Yes,No,No,Yes,Series E Cumulative Redeemable Preferred Stock,9/15/16,9/15/16
VNO-J*,"Vornado Realty Trust,",6.875%,Yes,No,No,Yes,Series J Cumulative Redeemable Preferred Shares,4/20/16,9/01/16
MSK*,"Morgan Stanley Capital Trust VIII,",6.45%,No,No,No,No,Capital Securities,7/15/12,8/18/16
MWG*,"Morgan Stanley Capital Trust IV,",6 1/4%,No,No,No,No,Capital Securities,4/21/08,8/18/16
MWO*,"Morgan Stanley Capital Trust V,",5 3/4%,No,No,No,No,Capital Securities,7/16/08,8/18/16
MWR*,"Morgan Stanley Capital Trust III,",6 1/4%,No,No,No,No,Capital Securities,3/01/08,8/18/16
MER-M*,"Merrill Lynch Capital Trust II,", 6.45%,No,No,No,No,Trust Preferred Securities,6/15/12,8/15/16
CFC-A*,"Countrywide Capital IV,",6.75%,No,No,No,No,Trust Preferred Securities,4/11/08,8/15/16
BAC-Z*,"BAC Capital Trust VIII,",6.00%,No,No,No,No,Capital Securities,8/25/10,8/15/16
AHT-E*,"Ashford Hospitality Trust,",9.00%,Yes,No,No,No,Series E Cumulative Preferred Stock,4/18/16,8/08/16
FPO-A*,"First Potomac Realty Trust,",7.75%,Yes,Yes,No,Yes,Series A Cumul Redeem Perp Preferred Shares,1/18/16,7/06/16
RBS-E**,"RBS Capital Funding Trust V,",5.90%,No,No,No,No,Non-cumul Guar Trust Preferred Securities,7/03/08,6/13/16
RBS-G**,"RBS Capital Funding Trust VII,",6.08%,No,No,No,No,Non-cumul Guar Trust Preferred Securities,2/18/09,6/13/16
RBS-I**,"RBS Capital Funding Trust VI,",6.25%,No,No,No,No,Non-cumul Guar Trust Preferred Securities,9/30/08,6/13/16
HT-B*,"Hersha Hospitality Trust,",8.00%,Yes,No,No,Yes,Series B Cumulative Redeemable Preferred Shares,5/18/16,6/08/16
ESS-H*,"Essex Property Trust,",7.125%,Yes,No,No,Yes,Series H Cumul Redeem Preferred Stock,4/13/16,4/15/16
CDORO*,"Condor Hospitality Trust, Inc.,",10.0%,Yes,No,No,No,Series B Cumulative Preferred Stock,6/03/13,4/15/16
CDORP*,"Condor Hospitality Trust, Inc.,",8.00%,No,No,Yes,No,Series A Convertible Preferred Stock,1/01/11,4/15/16
PEB-A*,"Pebblebrook Hotel Trust,",7.875%,Yes,No,No,Yes,Series A Cumulative Redeemable Preferred Shares,3/11/16,3/11/16
FBS-A*,"First Preferred Capital Trust IV,",8.15%,Yes,No,No,No,Cumulative Trust Preferred Securities,6/30/08,12/31/15
RLH-A*,"Red Lion Hotels Capital Trust,",9.50%,No,No,No,No,Trust Preferred Securities,2/19/09,12/15/15
KRG-A*,"Kite Realty Group Trust,",8.250%,Yes,Yes,No,Yes,Series A Cumulative Redeem Perp Preferred Shares,12/07/15,12/07/15
WRT*,"Winthrop Realty Trust,",7.75%,No,No,No,No,Senior Notes due 8/15/2022,8/15/15,8/15/15
EXL-B*,"Excel Trust,",8.125%,Yes,No,No,Yes,Series B Cumulative Redeemable Preferred Stock,1/31/17,7/31/15
MSJ*,"Morgan Stanley Capital Trust VI,",6.60%,No,No,No,No,Capital Securities,2/01/11,5/27/15
FCH-C*,"FelCor Lodging Trust,",8.00%,Yes,No,No,Yes,Dep Shares Series C Cumul Redeem Preferred Stock,4/07/10,5/14/15
MSZ*,"Morgan Stanley Capital Trust VII,",6.60%,No,No,No,No,Capital Securities,10/15/11,5/12/15
DUA*,"Deutsche Bank Capital Funding Trust VIII,",6.375%,No,No,No,No,Non-cumul Trust Preferred Sec,10/18/11,4/18/15
DTT*,"Deutsche Bank Capital Funding Trust IX,",6.625%,No,No,No,No,Non-cumul Trust Preferred Sec,8/20/12,2/20/15
JBJ,"Lehman ABS Corp Bkd Trust Certs 2003-04,",6.25%,No,No,No,No,HSBC USA Inc.,2/19/08,10/08/14
PVTBP,"PrivateBancorp Capital Trust IV,", 10.00%,No,No,No,No,Trust Preferred Securities,6/15/13,10/08/14
CWZ*,"Lehman ABS Corp Bkd Trust Certs 2001-27,",8.875%,No,No,No,No,Royal Caribbean,6/28/06,9/30/14
CTZ-A*,"Citizens Funding Trust I,",7.50%,No,No,No,No,Enhanced Trust Preferred Securities,9/15/11,9/26/14
XVG*,"Lehman ABS Corp Bkd Trust Certs 2003-07,",6.05%,No,No,No,No,Boeing Notes,3/21/08,9/23/14
TAYCP*,"TAYC Capital Trust I,",9.75%,No,No,No,No,Preferred Securities,10/21/07,9/22/14
JZJ*,"Lehman ABS Corp Bkd Trust Certs 2003-18,",7.125%,No,No,No,No,Variable AT&amp;T Corp.,11/19/08,9/16/14
FUR-D*,"Winthrop Realty Trust,",9.25%,Yes,No,No,Yes,Series D Cumulative Redeemable Preferred Shares,11/28/16,9/15/14
GPT-A*,"Gramercy Property Trust,",8.125%,Yes,No,No,Yes,Series A Cumulative Redeemable Preferred Stock,4/18/12,9/12/14
JZC*,"Lehman ABS Corp Bkd Trust Certs 2004-04,",6.00%,No,No,No,No,Goldman Sachs Cap I,2/25/09,7/22/14
HGUBP*,"Highlands Capital Trust I,",9.25%,No,No,No,No,Capital Securities,1/15/08,7/15/14
JZK*,"Lehman ABS Corp Bkd Trust Certs 2003-17,",7.00%,No,No,No,No,Sprint Capital,10/29/08,6/17/14
OFC-H*,"Corporate Office Properties Trust,",7 1/2%,Yes,No,No,Yes,Cumul Redeem Preferred Shares H,12/18/08,6/16/14
JBO*,"Lehman ABS Corp Bkd Trust Certs 2004-07,",6.30%,No,No,No,No,Goldman Sachs Cap I,4/30/09,6/05/14
STL-A*,"Sterling Bancorp Trust I,",8.375%,Yes,No,No,No,Cumul Trust Preferred Securities,3/31/07,6/01/14
ESSFO*,"Essex Property Trust,",4.875%,Yes,No,Yes,No,Series G Cumul Conv Preferred Stock,7/31/11,5/13/14
XFP*,"Lehman ABS Corp Bkd Trust Certs 2002-17,",6.125%,No,No,No,No,Amer Gen Inst Cap A,10/23/07,5/09/14
DCE*,"Deutsche Bank Capital Funding Trust X,",7.35%,No,No,No,No,Non-cumul Trust Preferred Sec,12/15/12,3/17/14
MTB-A*,"M&amp;T Capital Trust IV,",8.50%,No,No,No,No,Enhanced Trust Preferred Securities,1/31/13,2/27/14
LUTHP*,"Lucent Technologies Capital Trust I,",7.75%,Yes,No,Yes,No,Cumul Conv Preferred Securities,3/20/07,1/13/14
JZV*,"Lehman ABS Corp Bkd Trust Certs 2003-10,",7.00%,No,No,No,No,CNA Financial,6/20/08,1/09/14
SYBTP*,"S.Y. Bancorp Capital Trust II,",10%,Yes,No,No,No,Cumulative Trust Preferred Securities,12/31/13,1/01/14
JZT*,"Lehman ABS Corp Bkd Trust Certs 2003-11,",5.875%,No,No,No,No,Kraft Foods,7/24/08,12/27/13
JBI*,"Lehman ABS Corp Bkd Trust Certs 2003-03,",7.875%,No,No,No,No,Duke Capital,1/31/08,12/24/13
JZL*,"Lehman ABS Corp Bkd Trust Certs 2003-16,",6.25%,No,No,No,No,Boeing Co.,10/28/08,12/20/13
XKO*,"Lehman ABS Corp Bkd Trust Certs 2001-37,",7.75%,No,No,No,No,Federal Express,12/27/06,11/25/13
IBCPO*,"IBC Capital Finance II,",8.25%,Yes,No,No,No,Cumul Trust Preferred Securities,3/31/08,10/11/13
OKSBP*,"Southwest Capital Trust II,",10.50%,No,No,No,No,Trust Preferred Securities,9/15/13,9/15/13
FR-K*,"First Industrial Realty Trust,",7.25%,Yes,No,No,No,Dep Shares Cumul Preferred Stock K,8/15/11,7/18/13
HPT-C*,"Hospitality Properties Trust,",7.00%,Yes,No,No,Yes,Series C Cumul Redeem Preferred Shares,2/15/12,7/01/13
GGN-A*,"GAMCO Global Gold, Nat Res &amp; Inc Trust,",6.625%,Yes,No,No,No,Series A Cumul Preferred Shares,10/16/12,6/12/13
RE-B*,"Everest Re Capital Trust II,",6.20%,No,No,No,No,Trust Preferred Securities,3/30/09,5/24/13
ZB-B*,"Zions Capital Trust B,",8.00%,No,No,No,No,Capital Securities,9/01/07,5/03/13
OFC-J*,"Corporate Office Properties Trust,",7.625%,Yes,No,No,Yes,Cumul Redeem Preferred Shares J,7/20/11,4/22/13
LXP-D*,"Lexington Realty Trust,",7.55%,Yes,No,No,Yes,Series D Cumul Redeem Preferred Stock,2/14/12,4/19/13
FR-J*,"First Industrial Realty Trust,",7.25%,Yes,No,No,No,Dep Shares Cumul Preferred Stock J,1/15/11,4/11/13
HT-A*,"Hersha Hospitality Trust,",8.00%,Yes,No,No,Yes,Series A Cumul Redeem Preferred Shares,8/05/10,3/28/13
SCMFO*,"Southern Community Capital Trust II,",7.95%,Yes,No,No,No,Cumul Trust Preferred Securities,12/31/08,3/18/13
BMR-A*,"BioMed Realty Trust,",7.375%,Yes,No,No,Yes,Series A Cumul Redeem Preferred Stock,1/18/12,3/15/13
CDR-A*,"Cedar Realty Trust,",8 7/8%,Yes,No,No,Yes,Series A Cumulative Redeemable Preferred Stock,7/28/09,3/11/13
NPBCO*,"NPB Capital Trust II,",7.85%,Yes,No,No,No,Cumul Trust Preferred Securities,9/30/07,3/07/13
DGRDP*,"Digital Realty Trust,",5.50%,Yes,No,Yes,No,Series D Cumulative Convertible Preferred Stock,2/06/13,2/26/13
VNO-F*,"Vornado Realty Trust,",6.75%,Yes,No,No,Yes,Series F Cumul Redeem Preferred Shares,11/17/09,2/19/13
VNO-H*,"Vornado Realty Trust,",6.75%,Yes,No,No,Yes,Series H Cumul Redeem Preferred Shares,6/17/10,2/19/13
WPK*,"Wells Fargo Capital VII,",5.85%,No,No,No,No,Trust Preferred Securities,5/02/08,2/04/13
GWF*,"Wells Fargo Capital VIII,",5.625%,No,No,No,No,Trust Preferred Securities,7/28/08,2/04/13
JWF*,"Wells Fargo Capital IX,",5.625%,No,No,No,No,Trust Preferred Securities,4/08/09,2/04/13
TEMP64*,"Capital One Capital VI,",8.875%,Yes,No,No,No,Cumulative Trust Preferred Securities,11/15/14,1/02/13
HAVNP*,"Haven Capital Trust II,",10.25%,No,No,No,No,Capital Securities,6/30/11,12/31/12
BDN-D*,"Brandywine Realty Trust,",7.375%,Yes,No,No,Yes,Series D Cumul Redeem Preferred Shares,2/27/09,12/28/12
PNC-D**,"National City Preferred Capital Trust I,",12.00%,No,No,No,No,Fixed-to-Float Normal APEX,N/A,12/10/12
JZS*,"Lehman ABS Corp Bkd Trust Certs 2003-12,",5.80%,No,No,No,No,Goldman Sachs,8/07/08,12/05/12
RF-Z*,"Regions Financing Trust III,",8.875%,No,No,No,No,Trust Preferred Securities,6/15/13,12/03/12
BK-E*,"BNY Capital IV,",6 7/8%,No,No,No,No,"Trust Preferred Securities, Series E",1/25/04,11/26/12
BK-F*,"BNY Capital V,",5.95%,No,No,No,No,"Trust Preferred Securities, Series F",5/01/08,11/26/12
RMT-A*,"Royce Micro-Cap Trust,",6.00%,Yes,No,No,No,Cumulative Preferred Stock,10/16/08,11/15/12
RFO-A*,"Royce Focus Trust,",6.00%,Yes,No,No,No,Cumulative Preferred Stock,10/17/08,11/15/12
RVT-B*,"Royce Value Trust,",5.90%,Yes,No,No,No,Cumulative Preferred Stock,10/09/08,11/15/12
GAB-F*,"Gabelli Equity Trust,",6.20%,Yes,No,No,No,Series F Cumulative Preferred Stock,11/10/11,11/08/12
EPR-D*,"Entertainment Properties Trust,",7.375%,Yes,No,No,Yes,Series D Cumul Redeem Preferred Shares,5/25/12,11/05/12
BAC-C*,"BAC Capital Trust XII,",6 7/8%,No,No,No,No,Capital Securities,8/02/11,11/05/12
BAC-U*,"BAC Capital Trust IV,",5 7/8%,No,No,No,No,Capital Securities,5/01/08,11/05/12
BAC-V*,"BAC Capital Trust II,",7.00%,No,No,No,No,Capital Securities,2/01/07,11/05/12
BAC-W*,"BAC Capital Trust I,",7.00%,No,No,No,No,Capital Securities,12/15/06,11/05/12
BAC-X*,"BAC Capital Trust III,",7.00%,No,No,No,No,Capital Securities,8/15/07,11/05/12
BAC-Y*,"BAC Capital Trust V,",6.00%,No,No,No,No,Capital Securities,11/03/09,11/05/12
XKN*,"Lehman ABS Corp Bkd Trust Certs 2001-36,",7.55%,No,No,No,No,Ford Motor Co.,11/15/06,10/10/12
BBXT*,"BBC Capital Trust II,",8.50%,No,No,No,No,Trust Preferred Securities,3/31/07,9/12/12
GRT-F*,"Glimcher Realty Trust,",8.75%,Yes,No,No,Yes,"Cumulative Redeemable Preferred Shares, Series F",8/25/08,9/04/12
EQR-N*,"Equity Residential Properties Trust,",6.48%,No,No,No,No,Dep Shares Preferred Series N,6/19/08,8/20/12
VNO-E*,"Vornado Realty Trust,",7.00%,Yes,No,No,Yes,Series E Cumul Redeem Preferred Shares,8/20/09,8/16/12
FTB-A*,"Fifth Third Capital Trust V,",7.25%,No,No,No,No,Trust Preferred Securities,8/15/12,8/15/12
FTB-B*,"Fifth Third Capital Trust VI,",7.25%,No,No,No,No,Trust Preferred Securities,11/15/12,8/08/12
OFC-G*,"Corporate Office Properties Trust,",8.00%,Yes,No,No,Yes,Cumul Redeem Preferred Shares G,8/11/08,8/06/12
PNH*,"PNC Capital Trust E,",7 3/4%,No,No,No,No,Trust Preferred Securities,3/15/13,7/30/12
JZH*,"Lehman ABS Corp Bkd Trust Certs 2003-20,",6.00%,No,No,No,No,Prudential Financial Note,12/22/08,7/27/12
BAC-B*,"BAC Capital Trust X,",6 1/4%,No,No,No,No,Capital Securities,3/29/11,7/25/12
FBF-M*,"Fleet Capital Trust VIII,",7.20%,No,No,No,No,Preferred Securities,3/08/07,7/25/12
BBT-A*,"BB&amp;T Capital Trust V,",8.95%,No,No,No,No,Enhanced Trust Preferred Securities,9/15/13,7/18/12
BBT-B*,"BB&amp;T Capital Trust VI,",9.60%,No,No,No,No,Enhanced Trust Preferred Securities,8/01/14,7/18/12
BBT-C*,"BB&amp;T Capital Trust VII,",8.10%,No,No,No,No,Enhanced Trust Preferred Securities,11/01/14,7/18/12
C-J*,"Citigroup Capital XII,",8.50%,No,No,No,No,Fixed/Floating Trust Preferred Securities,3/30/15,7/18/12
STI-Z*,"SunTrust Capital IX,",7.875%,No,No,No,No,Trust Preferred Securities,3/15/13,7/11/12
WB-C*,"Wachovia Capital Trust IX,",6.375%,No,No,No,No,Trust Preferred Securities,6/15/12,6/15/12
LXP-B*,"Lexington Realty Trust,",8.05%,Yes,No,No,Yes,Series B Cumul Redeem Preferred Stock,6/19/08,5/31/12
NCC-B*,"National City Capital Trust III,",6.625%,No,No,No,No,Trust Preferred Securities,5/25/12,5/25/12
USB-J*,"USB Capital XI,",6.60%,No,No,No,No,Trust Preferred Securities,9/15/11,5/18/12
USB-K*,"USB Capital XII,",6.30%,No,No,No,No,Trust Preferred Securities,2/15/12,5/18/12
BDN-C*,"Brandywine Realty Trust,",7.50%,Yes,No,No,Yes,Series C Cumul Redeem Preferred Shares,12/30/08,5/03/12
MSDXP*,"Mason-Dixon Capital Trust,",$2.5175,No,No,No,No,Preferred Securities,6/15/11,5/02/12
PMB-*,"Premier Capital Trust I,",9.00%,Yes,No,No,No,Cumulative Trust Preferred Securities,12/31/07,5/02/12
PNU*,"PNC Capital Trust D,",6.125%,No,No,No,No,Capital Securities,12/18/08,4/25/12
DLRCP*,"Digital Realty Trust,",4.375%,Yes,No,Yes,No,Series C Cumulative Convertible Preferred Stock,4/10/12,4/17/12
WB-B*,"Wachovia Capital Trust IV,",6.375%,No,No,No,No,Trust Preferred Securities,3/15/12,4/13/12
USB-G*,"USB Capital VIII,",6.35%,No,No,No,No,Trust Preferred Securities,12/29/10,2/22/12
USB-I*,"USB Capital X,",6.50%,No,No,No,No,Trust Preferred Securities,4/12/11,2/22/12
XKK*,"Lehman ABS Corp Bkd Trust Certs 2001-34,",8.00%,No,No,No,No,Goodyear,9/06/06,2/15/12
HPT-B*,"Hospitality Properties Trust,",8.875%,Yes,No,No,Yes,Series B Cumul Redeem Preferred Shares,12/10/07,2/13/12
DTE-A*,"DTE Energy Trust I,",7.80%,No,No,No,No,Trust Preferred Securities,2/01/07,12/29/11
EKH*,Merrill Lynch Europe,2001,No,No,No,No,HOLDRS Trust Depositary Receipts,N/A,12/23/11
KEY-E*,"KeyCorp Capital IX,",6.75%,No,No,No,No,Enhanced Trust Preferred Securities,12/15/11,12/15/11
NCC-A*,"National City Capital Trust II,",6.625%,No,No,No,No,Trust Preferred Securities,11/15/11,11/15/11
SBIBN*,"Sterling Bancshares Capital Trust III,",8.30%,Yes,No,No,No,Cumul Trust Preferred Securities,9/26/07,10/27/11
WB-D*,"Wachovia Capital Trust X,",7.85%,No,No,No,No,Trust Preferred Securities,12/15/12,10/03/11
GPE-X*,"Georgia Power Capital Trust VII,",5 7/8%,No,No,No,No,Trust Preferred Securities,1/23/09,9/23/11
USB-E*,"USB Capital VI,",5.75%,No,No,No,No,Trust Preferred Securities,3/09/10,9/08/11
USB-F*,"USB Capital VII,",5.875%,No,No,No,No,Trust Preferred Securities,8/15/10,9/08/11
KEY-B*,"KeyCorp Capital VI,",6.125%,No,No,No,No,Trust Preferred Securities,12/15/08,9/01/11
KEY-D*,"KeyCorp Capital VIII,",7.00%,No,No,No,No,Enhanced Trust Preferred Securities,6/15/11,9/01/11
EPR-B*,"Entertainment Properties Trust,",7.75%,Yes,No,No,Yes,Series B Cumul Redeem Preferred Shares,1/19/10,8/31/11
ESSFP*,"Essex Property Trust,",7.8125%,Yes,No,No,Yes,Series F Cumul Redeem Preferred Stock,9/23/08,6/30/11
FTB-C*,"Fifth Third Capital Trust VII,",8.875%,No,No,No,No,Trust Preferred Securities,5/15/13,6/15/11
SOV-B*,"Sovereign Capital Trust V,",7.75%,No,No,No,No,Capital Securities,5/22/11,6/13/11
F-S*,"Ford Motor Co. Capital Trust II,",6.50%,Yes,No,Yes,No,Cumul Convertible Trust Preferred Sec,1/15/07,3/15/11
PKM*,ML Depositor PreferredPlus,8.00%,No,No,No,No,AFC Capital Trust I Certificates ALL-1,2/15/07,2/15/11
LNC-F*,"Lincoln National Capital VI,",6.75%,No,No,No,No,"Trust Preferred Securities, Series F",9/11/08,12/15/10
DLR-B*,"Digital Realty Trust,",7.875%,Yes,No,No,Yes,Series B Cumul Redeem Preferred Stock,7/26/10,12/10/10
EQR-E*,"Equity Residential Properties Trust,",$1.75,No,No,Yes,Yes,Redeem Convertible Preferred Series E,11/01/98,11/01/10
EQR-H*,"Equity Residential Properties Trust,",7.00%,Yes,No,Yes,No,Cumul Convertible Preferred Series H,6/30/98,11/01/10
CLP-D*,"Colonial Properties Trust,",8 1/8%,Yes,No,No,Yes,Dep Shares Series D Cumul Red Preferred Shares,4/30/08,9/10/10
DLR-A*,"Digital Realty Trust,",8.50%,Yes,No,No,Yes,Series A Cumul Redeem Preferred Stock,2/09/10,8/24/10
JZE*,"Lehman ABS Corp Bkd Trust Certs 2004-02,",6.75%,No,No,No,No,Variable AT&amp;T Notes,1/21/09,8/12/10
XVF*,"Lehman ABS Corp Bkd Trust Certs 2003-06,",8.00%,No,No,No,No,Ford Motor Co.,3/13/08,8/02/10
EDE-D*,"Empire District Electric Trust I,",8 1/2%,No,No,No,No,Trust Preferred Securities,3/01/06,6/30/10
SWX-B*,"Southwest Gas Capital II,",7.70%,No,No,No,No,Preferred Trust Securities,8/25/08,3/29/10
XFL*,"Lehman ABS Corp Bkd Trust Certs 2002-16,",7.625%,No,No,No,No,Verizon Global,7/30/07,3/24/10
BSC-X*,"Bear Stearns Capital Trust III,",7.80%,No,No,No,No,Trust Preferred Securities,5/15/06,11/30/09
GGT-B,"Gabelli Multimedia Trust,",6.00%,Yes,No,No,No,Series B Cumulative Preferred Stock,4/01/08,3/26/09
CZN-*,"Citizens Utilities Trust,",5%,No,No,Yes,No,EPPICS Convertible Preferred Securities,2/01/99,12/15/08
VEL-A*,"Virginia Power Capital Trust II,",7.375%,No,No,No,No,Trust Preferred Securities,8/23/07,5/19/08
JZY*,"Lehman ABS Corp Bkd Trust Certs 2003-08,",6.25%,No,No,No,No,Philip Morris,3/27/08,2/12/08
PEG-U*,"PSEG Funding Trust II,",8.75%,No,No,No,No,Preferred Securities,12/17/07,12/17/07
UYE*,"Corporate Asset Backed Corp., CABCO Trust",7.625%,No,No,No,No,AOL Time Warner,6/21/07,11/20/07
RE-A*,"Everest Re Capital Trust,",7.85%,No,No,No,No,Trust Preferred Securities,11/14/07,11/15/07
RPT-B*,"Ramco-Gershenson Properties Trust,",9.50%,Yes,No,No,Yes,Cumul Red Preferred Shares B,11/12/07,11/12/07
CMH-*,"Compass Trust III,",7.35%,No,No,No,No,Capital Securities,3/22/07,11/08/07
MBFIP*,"MB Financial Capital Trust I,",8.60%,Yes,No,No,No,Cumulative Trust Preferred Securities,9/30/07,10/02/07
HVCP*,"Hanover Compressor Capital Trust,",7 1/4%,No,No,Yes,No,Convertible Preferred Securities,12/20/02,8/24/07
PEI-A**,"Pennsylvania Real Estate Investment Trust,",11%,No,No,No,No,Senior Preferred Shares,7/31/07,7/31/07
SO-D*,"Southern Co. Capital Trust VI,",7.125%,No,No,No,No,Trust Preferred Securities,7/31/07,7/31/07
DMG-A*,"Dominion CNG Capital Trust I,",7.80%,No,No,No,No,Trust Preferred Securities,10/23/06,7/17/07
EQR-D*,"Equity Residential Properties Trust,",8.60%,No,No,No,No,Dep Shares Preferred Shares Series D,7/15/07,7/16/07
SF-A*,"Stifel Financial Capital Trust I,",9.00%,Yes,No,No,No,Cumul Trust Preferred Securities,6/30/07,7/13/07
SCFSP*,"Seacoast Capital Trust I,",8.50%,Yes,No,No,No,Cumul Trust Preferred Securities,6/30/07,7/02/07
CHZ-A*,"Chittenden Capital Trust I,",8.00%,No,No,No,No,Capital Securities,7/01/07,7/01/07
CBSAN*,"Coastal Capital Trust I,",9.00%,Yes,No,No,No,Cumul Trust Preferred Securities,6/30/07,6/30/07
FRMEP*,"First Merchants Capital Trust I,",8.75%,Yes,No,No,No,Cumul Trust Preferred Securities,6/30/07,6/30/07
GFLSO*,"GCB Capital Trust II,",8.45%,No,No,No,No,Trust Preferred Securities,6/30/07,6/30/07
BGI-T*,"Banknorth Capital Trust II,",8%,No,No,No,No,Trust Preferred Securities,4/01/07,6/29/07
CNB-A*,"Colonial Capital Trust III,",8.32%,No,No,No,No,Preferred Securities,4/01/07,6/22/07
GPE-W*,"Georgia Power Capital Trust V,",7 1/8%,No,No,No,No,Trust Preferred Securities,6/21/07,6/21/07
JBP*,"Lehman ABS Corp Bkd Trust Certs 2004-08,",6.875%,No,No,No,No,DaimlerChrysler,10/19/09,6/13/07
JZO*,"Lehman ABS Corp Bkd Trust Certs 2003-15,",7.25%,No,No,No,No,DaimlerChrysler,9/24/08,6/12/07
FR-C*,"First Industrial Realty Trust,",8 5/8%,Yes,No,No,No,Dep Shares Cumul Preferred Stock C,6/06/07,6/07/07
CVE-U*,"Cleveland Electric Financing Trust I,",9%,Yes,No,No,No,Cumul Trust Preferred Securities,12/19/06,6/01/07
CRG*,"Lehman ABS Corp Bkd Trust Certs 2001-22,",7.65%,No,No,No,No,Wash Mut Cap I,5/24/06,6/01/07
CIL*,"Lehman ABS Corp Bkd Trust Certs 2001-20,",7.75%,No,No,No,No,Wash Mut Cap I,5/22/06,6/01/07
RPT-C*,"Ramco-Gershenson Properties Trust,",7.95%,Yes,No,Yes,No,Cumul Convertible Preferred Shares C,6/01/07,6/01/07
CLP-E*,"Colonial Properties Trust,",7.62%,Yes,No,No,Yes,Dep Shares Series E Cumul Red Preferred Shares,N/A,5/30/07
EPR-A*,"Entertainment Properties Trust,",9.50%,Yes,No,No,Yes,Series A Cumul Redeem Preferred Shares,5/29/07,5/29/07
XKX*,"Lehman ABS Corp Bkd Trust Certs 2002-04,",7.50%,No,No,No,No,DaimlerChrysler,3/21/07,5/21/07
MWJ*,"Morgan Stanley Capital Trust II,",7 1/4%,No,No,No,No,Capital Securities,7/31/06,5/21/07
INDBM*,"Independent Capital Trust IV,",8.375%,Yes,No,No,No,Cumul Trust Preferred Securities,4/30/07,4/30/07
CYAL*,"Lehman ABS Corp Bkd Trust Certs 2001-06,",9.00%,No,No,No,No,Delta Air Lines,3/01/06,4/26/07
NXL-E*,"New Plan Excel Realty Trust,",7.625%,Yes,No,No,No,Dep Shares Series E Cumul Preferred Stock,4/21/08,4/20/07
NXLRZ*,"New Plan Excel Realty Trust,",7.8%,Yes,No,No,No,Dep Shares Cumul Preferred Stock D,6/15/07,4/20/07
JZZ*,"Lehman ABS Corp Bkd Trust Certs 2003-09,",6.75%,No,No,No,No,CIT Cap Trust I,2/15/07,4/10/07
XFK*,"Lehman ABS Corp Bkd Trust Certs 2002-15,",7.75%,No,No,No,No,CIT Cap Trust I,2/15/07,4/10/07
XKY*,"Lehman ABS Corp Bkd Trust Certs 2002-05,",6.80%,No,No,No,No,GE Capital due 8/21/2035,4/02/07,4/02/07
CTBIP*,"CTBI Preferred Capital Trust,",9.0%,Yes,No,No,No,Cumul Trust Preferred Securities,3/31/07,3/31/07
BPF-*,"CTBI Preferred Capital Trust II,",8.25%,Yes,No,No,No,Cumul Trust Preferred Securities,3/31/07,3/31/07
RBNCP*,"Republic Capital Trust I,",8.60%,Yes,No,No,No,Cumul Trust Preferred Securities,12/31/06,3/31/07
TSY-A*,"Trustreet Properties,",$1.93,Yes,No,Yes,No,Series A Cumul Convertible Preferred Stock,11/15/02,3/29/07
TSY-C*,"Trustreet Properties,",7.50%,No,No,Yes,Yes,Series C Redeem Convertible Preferred Stock,2/25/09,3/29/07
TXI-S*,"TXI Capital Trust I,",5.50%,No,No,No,Yes,SPuRS Shared Preference Redeem Securities,6/30/01,3/26/07
CMA-Z*,"Comerica Capital Trust I,",7.60%,No,No,No,No,Trust Preferred Securities,7/31/06,3/19/07
EOP-G*,"Equity Office Properties Trust,",7.75%,Yes,No,No,Yes,Cumul Redeem Preferred Shares G,7/29/07,3/14/07
XKS*,"Lehman ABS Corp Bkd Trust Certs 2002-03,",7.65%,No,No,No,No,Brunswick Corp.,3/07/07,3/07/07
RNS*,ML Depositor Public,8.54%,No,No,No,No,STEERS Trust 1999 REN-C1 Certificates,3/01/07,3/01/07
XKR*,"Lehman ABS Corp Bkd Trust Certs 2002-02,",7.50%,No,No,No,No,Royal &amp; Sun,2/21/07,2/28/07
CYR*,"Lehman ABS Corp Bkd Trust Certs 2001-09,",8.25%,No,No,No,No,DaimlerChrysler,3/14/06,2/26/07
JBD*,"Lehman ABS Corp Bkd Trust Certs 2003-02,",6.00%,No,No,No,No,BellSouth Capital,1/29/08,2/23/07
JZR*,"Lehman ABS Corp Bkd Trust Certs 2003-14,",6.125%,No,No,No,No,BellSouth Telecomm,8/12/08,2/23/07
FWJ*,ML Depositor Public,7.75%,No,No,No,No,STEERS Trust 1998 TRV-C1 Certificates,12/01/06,2/16/07
CEW*,"Lehman ABS Corp Bkd Trust Certs 2002-07,",8.00%,No,No,No,No,AT&amp;T Wireless,5/01/07,2/15/07
XFA*,"Lehman ABS Corp Bkd Trust Certs 2002-08,",7.00%,No,No,No,No,BellSouth Deb.,5/23/07,2/13/07
CLH*,"Lehman ABS Corp Bkd Trust Certs 2001-18,",7.375%,No,No,No,No,Southern Co.,5/08/06,2/02/07
SOV-A*,"Sovereign Capital Trust III,",8.75%,No,No,No,No,Preferred Capital Securities,1/01/07,1/30/07
GAB-B*,"Gabelli Equity Trust,",7.20%,Yes,No,No,No,Tax Advantaged Series B Cumulative Preferred Stock,6/20/06,1/08/07
NWSBP*,"Northwest Capital Trust I,",8.75%,Yes,No,No,No,Cumul Trust Preferred Securities,12/31/06,12/31/06
SECDP*,"Second Bancorp Capital Trust I,",9.00%,Yes,No,No,No,Cumul Trust Preferred Securities,12/31/06,12/31/06
FBNKM*,"First Preferred Capital Trust III,",9.00%,Yes,No,No,No,Cumul Trust Preferred Sec,12/31/06,12/31/06
INDBN*,"Independent Capital Trust III,",8.625%,Yes,No,No,No,Cumul Trust Preferred Securities,12/31/06,12/31/06
USB-C*,"USB Capital IV,",7.35%,No,No,No,No,Trust Preferred Securities,11/01/06,12/28/06
USB-D*,"USB Capital V,",7.25%,No,No,No,No,Trust Preferred Securities,12/07/06,12/28/06
PRE-T*,"PartnerRe Capital Trust I,",7.90%,No,No,No,No,Preferred Securities,11/21/06,12/21/06
CWBSP*,"Commonwealth Bankshares Capital Trust I,",8.0%,Yes,No,Yes,No,Cumul Convertible Preferred,10/15/06,12/15/06
XKP*,"Lehman ABS Corp Bkd Trust Certs 2002-01,",8.125%,No,No,No,No,WR Berkley,12/15/06,12/15/06
NCF-*,"National Commerce Capital Trust II,",7.70%,No,No,No,No,Trust Preferred Sec,12/14/06,12/15/06
XKI*,"Lehman ABS Corp Bkd Trust Certs 2001-32,",8.75%,No,No,No,No,Liberty Media,8/29/06,12/05/06
GLB-A*,"Glenborough Realty Trust,",7 3/4%,No,No,Yes,No,Series A Convertible Preferred Stock,1/16/03,11/29/06
FRT-B*,"Federal Realty Investment Trust,",8 1/2%,Yes,No,No,Yes,Cumul Redeem Preferred Shares B,11/27/06,11/27/06
GSBCP*,"Great Southern Capital Trust I,",9.00%,Yes,No,No,No,Cumul Trust Preferred Securities,6/30/06,11/21/06
AGOCP*,"Argo Capital Trust Co.,",11.0%,No,No,No,No,Capital Securities,11/06/03,11/17/06
PFBIP*,"PFBI Capital Trust,",9.75%,No,No,No,No,Preferred Securities,6/30/02,11/10/06
HI-V*,"Household Capital Trust VII,",7.50%,No,No,No,No,Trust Preferred Securities,11/08/06,11/08/06
TMK-T*,"Torchmark Capital Trust I,",7 3/4%,No,No,No,No,Trust Preferred Securities,11/02/06,11/02/06
FZB-*,"FCB/NC Capital Trust II,", 8.40%,No,No,No,No,Preferred Securities,10/31/06,10/31/06
CGV*,"Lehman ABS Corp Bkd Trust Certs 2001-15,",7.20%,No,No,No,No,JPM Capital Trust I,4/30/06,10/26/06
D-A*,"Dominion Resources Capital Trust II,",8.4%,No,No,No,No,Trust Preferred Securities,1/17/06,10/17/06
OFC-F*,"Corporate Office Properties Trust,",9 7/8%,Yes,No,No,Yes,Cumul Redeem Preferred Shares F,10/15/06,10/15/06
MTXCP*,"Matrix Bancorp Capital Trust I,",10%,No,No,No,No,Trust Preferred Securities,9/30/04,10/13/06
CDD*,"Lehman ABS Corp Bkd Trust Certs 2001-25,",7.625%,No,No,No,No,Dominion Res,6/14/06,10/04/06
ALLEP*,"Allegiant Capital Trust II,",9.00%,Yes,No,No,No,Cumul Trust Preferred Securities,9/30/06,10/02/06
BHC-*,"ABC Bancorp Capital Trust I,",9.00%,Yes,No,No,No,Cumul Trust Preferred Securities,9/30/06,9/30/06
LFINP*,"Local Financial Capital Trust I,",9.00%,Yes,No,No,No,Cumul Trust Preferred Securities,9/30/06,9/30/06
FBF-L*,"Fleet Capital Trust VII,",7.20%,No,No,No,No,Capital Securities,9/17/06,9/29/06
CVW*,"Lehman ABS Corp Bkd Trust Certs 2001-24,",7.375%,No,No,No,No,Var Deutsche Tel,6/08/06,9/22/06
XKM*,"Lehman ABS Corp Bkd Trust Certs 2001-35,",8.00%,No,No,No,No,Corning Inc.,9/21/06,9/21/06
TFINP*,"Team Financial Capital Trust I,",9.50%,Yes,No,No,No,Cumulative Trust Preferred Securities,8/10/06,9/18/06
EQR-C*,"Equity Residential Properties Trust,",9 1/8%,No,No,No,No,Dep Shares Preferred Shares Series C,9/09/06,9/11/06
WTFCP*,"Wintrust Capital Trust I,",9.00%,Yes,No,No,No,Cumul Trust Preferred Securities,9/30/03,9/05/06
GBBKO*,"GBB Capital V,",9.00%,Yes,No,No,No,Cumulative Trust Preferred Securities,8/31/06,8/31/06
XKD*,"Lehman ABS Corp Bkd Trust Certs 2001-30,",8.875%,No,No,No,No,Royal Caribbean,7/27/06,7/27/06
XKC*,"Lehman ABS Corp Bkd Trust Certs 2001-28,",8.00%,No,No,No,No,Corning Inc.,7/24/06,7/25/06
ECT*,"Energy East Capital Trust I,",8 1/4%,No,No,No,No,Capital Securities,7/24/06,7/24/06
BFI-*,"Bremer Capital Trust I,",9.0%,Yes,No,No,No,Cumulative Capital Securities,7/15/06,7/17/06
OFC-E**,"Corporate Office Properties Trust,",10 1/4%,Yes,No,No,Yes,Cumul Redeem Preferred Shares E,7/15/06,7/14/06
SYI-*,"S.Y. Bancorp Capital Trust I,",9.00%,Yes,No,No,No,Cumul Trust Preferred Securities,6/30/06,7/01/06
CMS-N*,"Consumers Energy Co. Financing IV,",9.00%,No,No,No,No,Trust Preferred Securities,6/30/06,6/30/06
CLP-C*,"Colonial Properties Trust,",9 1/4%,Yes,No,No,Yes,Series C Cumul Redeem Preferred Shares,6/19/06,6/30/06
UBS-*,"UBS Preferred Funding Trust III,",7.25%,No,No,No,No,Non-cumul Trust Preferred Securities,6/26/06,6/26/06
XKA*,"Lehman ABS Corp Bkd Trust Certs 2001-26,",7.625%,No,No,No,No,Nordstrom Inc.,6/21/06,6/21/06
BUSEP*,"First Busey Capital Trust I,",9.00%,Yes,No,No,No,Cumul Trust Preferred Securities,6/18/06,6/19/06
SNH-Z*,"SNH Capital Trust I,",10.125%,No,No,No,No,Trust Preferred Securities,6/15/06,6/15/06
NVP-B*,"NVP Capital III,",7 3/4%,No,No,No,No,Trust Issued Preferred Securities,10/06/03,6/07/06
CVI*,"Lehman ABS Corp Bkd Trust Certs 2001-23,",8.00%,No,No,No,No,Ryder Systems,6/01/06,6/01/06
FWLRP*,"FW Preferred Capital Trust I,",9.00%,No,No,No,No,"Preferred Securities, Series I",1/15/04,5/26/06
ATG-*,"AGL Capital Trust II,",8.0%,No,No,No,No,Trust Preferred Securities,5/21/06,5/21/06
SBIBO*,"Sterling Bancshares Capital Trust II,",9.20%,Yes,No,No,No,Cumul Trust Preferred Securities,3/21/06,5/08/06
XFE*,"Lehman ABS Corp Bkd Trust Certs 2002-11,",7.70%,No,No,No,No,Royal &amp; Sun,6/07/07,5/05/06
USB-B*,"USB Capital III,",7.75%,No,No,No,No,Trust Preferred Securities,5/04/06,5/04/06
CGD*,"Lehman ABS Corp Bkd Trust Certs 2001-12,",7.70%,No,No,No,No,Royal &amp; Sun,4/03/06,4/27/06
BYL-*,"Baylake Capital Trust I,",10%,Yes,No,No,No,Cumul Trust Prefered Securities,3/31/06,3/31/06
PCE-A*,"Provident Capital Trust IV,",9.45%,No,No,No,No,Trust Preferred Securities,3/30/06,3/30/06
CFN*,"Lehman ABS Corp Bkd Trust Certs 2001-11,",8.00%,No,No,No,No,Aon Capital A,3/28/06,3/29/06
CFE*,"Lehman ABS Corp Bkd Trust Certs 2001-10,",7.875%,No,No,No,No,Motorola Inc.,3/22/06,3/28/06
GWB-B*,"GWB Capital Trust II,",9.75%,Yes,No,No,No,Cumulative Preferred Securities,3/19/06,3/20/06
HI-F*,"Household Capital Trust VI,",8 1/4%,No,No,No,No,Trust Preferred Securities,1/30/06,3/13/06
IFC-N*,"IFC Capital Trust III,",8.75%,Yes,No,Yes,No,Cumul Convertible Trust Preferred Securities,9/30/04,3/06/06
HRP-A*,"HRPT Properties Trust,",9 7/8%,Yes,No,No,Yes,Series A Cumul Redeem Preferred Shares,2/22/06,3/02/06
CYI*,"Lehman ABS Corp Bkd Trust Certs 2001-07,",7.75%,No,No,No,No,KeyCorp Capital III,3/02/06,3/02/06
CJO*,"Lehman ABS Corp Bkd Trust Certs 2001-21,",7.40%,No,No,No,No,AT&amp;T Corp.,5/24/06,2/13/06
CKI*,"Lehman ABS Corp Bkd Trust Certs 2001-16,",9.00%,No,No,No,No,Georgia-Pac,5/01/06,2/13/06
XKJ*,"Lehman ABS Corp Bkd Trust Certs 2001-33,",7.25%,No,No,No,No,AT&amp;T Notes,9/05/06,2/13/06
FUR-A*,"Winthrop Realty Trust,",8.4%,No,No,Yes,No,"Convertible Preferred Shares, Series A",10/29/01,2/07/06
CYG*,"Lehman ABS Corp Bkd Trust Certs 2001-05,",8.80%,No,No,No,No,MBNA Capital A,2/02/06,2/02/06
CCT**,"Lehman ABS Corp Bkd Trust Certs 2001-02,",8.00%,No,No,No,No,Southern Co.,2/01/06,2/01/06
GBCIP*,"Glacier Capital Trust I,",9.40%,Yes,No,No,No,Cumul Trust Preferred Securities,2/01/06,2/01/06
CCS**,"Lehman ABS Corp Bkd Trust Certs 2001-03,",8.25%,No,No,No,No,KeyCorp Inst Cap B,1/25/06,1/25/06
CCG*,"Lehman ABS Corp Bkd Trust Certs 2001-01,",7.85%,No,No,No,No,JPM Capital Trust I,1/15/06,1/17/06
CYF*,"Lehman ABS Corp Bkd Trust Certs 2001-04,",8.75%,No,No,No,No,Safeco Capital Trust I,1/15/06,1/17/06
PVTBP**,"PrivateBancorp Capital Trust I,",9.50%,Yes,No,No,No,Cumul Trust Preferred Securities,12/31/05,12/31/05
PCE-*,"Provident Capital Trust III,",10 1/4%,No,No,No,No,Trust Preferred Securities,12/31/05,12/30/05
FNG-*,"Front Range Capital Trust I,",11%,Yes,No,No,No,Cumul Trust Preferred Securities,12/28/05,12/28/05
COTKP*,"Coltec Capital Trust,",5.25%,No,No,Yes,No,TIDES Convertible Trust Preferred Securities,4/20/05,11/28/05
GBP-D*,"Gables Residential Trust,",7.50%,Yes,No,No,Yes,Cumul Redeem Preferred Shares,5/08/08,10/31/05
EQR-B*,"Equity Residential Properties Trust,",9 1/8%,No,No,No,No,Dep Shares Preferred Shares Series B,10/15/05,10/17/05
BLV-*,"BVBC Capital Trust I,",10.375%,Yes,No,No,No,Cumul Trust Preferred Securities,9/30/05,9/30/05
FBNKN*,"First Preferred Capital Trust II,",10.24%,Yes,No,No,No,Cumul Trust Preferred Securities,9/30/05,9/30/05
IFC-O*,"IFC Capital Trust II,",10.50%,Yes,No,No,No,Cumul Trust Preferred Securities,9/30/05,9/30/05
NFS-A*,"Nationwide Financial Services Capital Trust II,",7.10%,No,No,No,No,Trust Preferred Securities,10/19/03,9/28/05
SEN-L*,"SEMCO Capital Trust I,",10 1/4%,Yes,No,No,No,Cumul Trust Preferred Securities,4/19/05,9/14/05
CBHJP*,"Commerce Capital Trust II,",5.95%,No,No,Yes,No,Convertible Trust Preferred Securities,3/11/05,9/14/05
FCH-B*,"FelCor Lodging Trust,",9.00%,Yes,No,No,Yes,Dep Shares Series B Cumul Redeem Preferred Stock,5/07/03,9/12/05
WTFCO*,"Wintrust Capital Trust II,",10.50%,Yes,No,No,No,Cumul Trust Preferred Securities,6/30/05,8/16/05
SFFBP*,"Southern Financial Capital Trust I,",11%,No,No,No,Yes,Redeemable Capital Securities,7/15/05,7/15/05
CPITP*,"Calpine Capital Trust III,",5%,No,No,Yes,No,Convertible Preferred Securities HIGH TIDES,8/05/04,7/13/05
ING-B*,"ING Capital Funding Trust II,",9.20%,No,No,No,No,Non-cumul Trust Preferred Securities ADR,6/30/05,6/30/05
CXM-*,"Colorado Business Bankshares Capital Trust I,",10%,Yes,No,No,No,Cumul Capital Securities,6/30/05,6/30/05
OKSBO*,"SBI Capital Trust,",9.30%,Yes,No,No,No,Cumulative Trust Preferred Securities,7/31/02,6/24/05
MKSNP*,"McKesson Financing Trust,",5%,No,No,Yes,No,Trust Convertible Preferred Securities,3/04/05,6/22/05
PNRTP*,"Pioneer-Standard Financial Trust,",6.75%,No,No,Yes,No,Convertible Trust Preferred Securities,3/31/03,6/15/05
HI-X*,"Household Capital Trust V,",10%,No,No,No,No,Trust Preferred Securities,6/08/05,6/08/05
MBH-*,"MBHI Capital Trust I,",10%,Yes,No,No,No,Cumul Preferred Securities,6/07/05,6/07/05
CYK*,"Lehman ABS Corp Bkd Trust Certs 2001-29,",8.50%,No,No,No,No,Georgia-Pacific,4/30/05,4/30/05
CGK**,"Lehman ABS Corp Bkd Trust Certs 2001-14,",8.75%,No,No,No,No,Georgia-Pacific,4/30/05,4/30/05
SBN-A*,"Southern Capital Trust I,",8.25%,No,No,No,No,Capital Securities,6/30/03,4/29/05
KRT-E*,"Kramont Realty Trust,",8.25%,Yes,No,No,Yes,Series E Cumul Redeem Preferred Shares,12/30/08,4/18/05
KRT-*,"Kramont Realty Trust,",9.75%,Yes,No,Yes,No,"Cumul Convertible B-1, B-2 Preferred Shares",2/27/02,4/18/05
REPBP*,"RBI Capital Trust I,",9.10%,Yes,No,No,No,Cumul Trust Preferred Securities,6/30/02,4/01/05
MSDXO*,"Mason-Dixon Capital Trust II,",8.40%,No,No,No,No,Preferred Securities,6/30/03,4/01/05
FCNBP*,"FCNB Capital Trust,",8.25%,Yes,No,No,No,Cumul Trust Preferred Securities,7/31/03,4/01/05
PBKSP*,"Provident Trust II,",10%,No,No,No,No,Trust Preferred Securities,3/31/05,3/31/05
INPAO*,"Intl Paper Capital Trust,",5 1/4%,No,No,Yes,No,Convertible Preferred Securities,6/30/03,2/07/05
UCCTP*,"Unocal Capital Trust,",6 1/4%,No,No,Yes,No,Trust Convertible Preferred Securities,9/03/02,1/19/05
VNO-C*,"Vornado Realty Trust,",8.50%,Yes,No,No,Yes,Series C Cumul Redeem Preferred Shares,5/17/04,1/19/05
BFH*,"Corporate Asset Backed Corp., CABCO Trust BellSouth",6.75%,No,No,No,No,Deb.,10/15/03,1/18/05
CNBKP*,"Century Bancorp Capital Trust,",8.30%,Yes,No,No,No,Cumul Trust Preferred Securities,6/30/03,1/10/05
ABBKP*,"Abington Bancorp Capital Trust,",8.25%,Yes,No,No,No,Cumul Trust Preferred Securities,6/30/03,12/31/04
SFNCP*,"Simmons First Capital Trust,",9.12%,Yes,No,No,No,Cumul Trust Preferred Sec,6/30/02,12/31/04
PRSPP*,"Prosperity Capital Trust I,",9.60%,Yes,No,No,No,Cumul Trust Preferred Securities,11/17/04,12/31/04
NBN-*,"NBN Capital Trust,",9.60%,Yes,No,No,Yes,Cumul Redeem Defer Trust Preferred,12/31/04,12/31/04
MST-**,"MBNK Capital Trust I,",9.625%,No,No,No,No,Preferred Securities,12/31/04,12/31/04
EBT-A*,"EBH Capital Trust I,",9.40%,Yes,No,No,No,Cumulative Preferred Securities,12/15/04,12/15/04
SASRP*,"Sandy Spring Capital Trust I,",9.375%,Yes,No,No,No,Cumul Trust Preferred Securities,11/30/04,11/30/04
FFFLP*,"Fidelity Capital Trust I,",8.375%,Yes,No,No,No,Cumul Trust Preferred Securities,1/31/03,11/24/04
GLDBO*,"GBCI Capital Trust II,",9.12%,No,No,No,No,Preferred Securities,6/30/04,11/15/04
FID-*,"FIDBANK Capital Trust I,",8.50%,No,No,No,No,Capital Securities,6/30/04,11/15/04
OGE-*,"OGE Energy Capital Trust I,",8.375%,No,No,No,No,Preferred Securities,10/15/04,10/15/04
WBKCP*,"Westbank Capital Trust I,",9.60%,No,No,No,No,Capital Securities,9/30/04,9/30/04
PCT*,"Provident Capital Trust II,",8 3/4%,No,No,No,No,Sub Cap Income Sec SKIS,6/30/04,9/30/04
NHTBP*,"NHTB Capital Trust I,",9.25%,No,No,No,No,Capital Securities,9/30/04,9/30/04
FUNCP*,"First United Capital Trust,",9.375%,No,No,No,No,Preferred Securities,9/30/04,9/30/04
HFT-*,"Heartland Financial Capital Trust I,",9.60%,Yes,No,No,No,Cumul Cap Securities,9/30/04,9/30/04
ACT-*,"Allegiant Capital Trust I,", 9.875%,Yes,No,No,No,Cumul Trust Preferred Securities,8/02/04,9/21/04
MBWMP*,"MBWM Capital Trust I,",9.60%,Yes,No,No,No,Cumul Preferred Securities,9/17/04,9/17/04
SRCEP*,"1st Source Capital Trust I,",9.00%,Yes,No,No,No,Cumul Trust Preferred Securities,3/31/02,9/16/04
KTR-D*,"Keystone Property Trust,",9.125%,Yes,No,No,Yes,Series D Cumul Redeem Preferred Stock,2/19/08,9/03/04
KTR-E*,"Keystone Property Trust,",7.375%,Yes,No,No,Yes,Series E Cumul Redeem Preferred Stock,3/15/09,9/03/04
DUK-W*,"Duke Capital Financing Trust III,",8 3/8%,No,No,No,No,Trust Preferred Securities,8/31/04,8/31/04
GWB-A*,"GWB Capital Trust I,",10%,Yes,No,No,No,Cumul Preferred Securities,8/18/04,8/18/04
ASN-D*,"Archstone Communities Trust,",8.75%,Yes,No,No,Yes,Cumul Redeem Preferred Shares D,8/06/04,8/06/04
DFT*,"Downey Financial Capital Trust I,",10%,No,No,No,No,Capital Securities,7/23/04,7/23/04
OFC-B*,"Corporate Office Properties Trust,",10.0%,Yes,No,No,Yes,Cumul Redeem Preferred Shares B,7/15/04,7/15/04
TBFCP*,"TeleBanc Capital Trust II,",9.0%,No,No,No,No,BLUS Benef Unsecured Sec A,7/31/03,7/08/04
LEH-J**,"Lehman Brothers Holdings Capital Trust II,",7.875%,No,No,No,No,Preferred Securities Series J,6/30/04,6/30/04
LTCHP*,"Litchfield Capital Trust I,",10%,No,No,No,No,Trust Preferred Securities A,6/30/04,6/30/04
ING-A*,"ING Capital Funding Trust I,",7.70%,No,No,No,No,Non-cumul Trust Preferred Sec ADR,6/25/04,6/30/04
CQP-A*,"Quad City Holdings Capital Trust I,",9.20%,Yes,No,No,No,Cumul Cap Securities,6/30/04,6/30/04
METFO**,"Metropolitan Capital Trust II,",9.50%,No,No,No,No,Trust Preferred Securities,6/30/04,6/30/04
OZRKP*,"Ozark Capital Trust,",9.0%,Yes,No,No,No,Cumul Trust Preferred Securities,6/18/04,6/18/04
FR-D*,"First Industrial Realty Trust,",7.95%,Yes,No,No,No,Dep Shares Cumul Preferred Stock D,2/04/03,6/07/04
FR-E*,"First Industrial Realty Trust,",7.90%,Yes,No,No,No,Dep Shares Cumul Preferred Stock E,3/18/03,6/07/04
FTWDP*,"Fleetwood Capital Trust II,",9.5%,No,No,Yes,No,Convertible Trust II Preferred Securities,N/A,6/04/04
MTT-X*,"Met-Ed Capital Trust,",7.35%,No,No,No,No,Trust Preferred Securities,5/28/04,6/01/04
CNF-T*,"CNF Trust I,",5.0%,No,No,Yes,No,"TECONS Term Convertible Securities, Series A",6/01/00,5/28/04
CHEQP*,"Chemed Capital Trust,",$2.00,No,No,Yes,No,Convertible Trust Preferred Securities,3/15/03,5/18/04
CIV-D*,"Delmarva Power Financing I,",8.125%,Yes,No,No,No,Cumul Trust Preferred Capital Securities,9/30/01,5/17/04
JZI*,"Lehman ABS Corp Bkd Trust Certs 2003-19,",6.00%,No,No,No,No,GE Global Insur,12/12/08,5/17/04
FBC-O*,"Flagstar Trust,",9.50%,Yes,No,No,No,Cumulative Preferred Securities,4/29/04,4/30/04
FTCPP*,"Fleetwood Capital Trust III,",9.5%,No,No,Yes,No,Convertible Trust III Preferred Securities,N/A,4/29/04
TXU-A*,"TXU Capital I,",7 1/4%,Yes,No,No,No,Cumul Trust Preferred Capital Securities,12/30/03,4/24/04
ABANP*,"ABI Capital Trust,",8.50%,No,No,No,No,Preferred Securities,6/30/03,4/22/04
GLDBP*,"GBCI Capital Trust,",8.75%,No,No,No,No,Preferred Securities,12/31/02,4/22/04
HPT-A*,"Hospitality Properties Trust,",9 1/2%,Yes,No,No,Yes,Series A Cumul Redeem Preferred Shares,4/12/04,4/12/04
ABN-B*,"ABN Amro Capital Funding Trust II,",7 1/8%,No,No,No,No,Non-cumul Guar Trust Preferred Sec,3/31/04,4/01/04
LEH-I**,"Lehman Brothers Holdings Capital Trust I,",8.00%,No,No,No,No,Preferred Securities Series I,3/31/04,3/31/04
VNO-B*,"Vornado Realty Trust,",8.50%,Yes,No,No,Yes,Series B Cumul Redeem Preferred Shares,3/17/04,3/17/04
CIV-C*,"Atlantic Capital II,",7 3/8%,Yes,No,No,No,Cumul Trust Preferred Capital Securities,11/04/03,3/11/04
NBS-A*,"New South Capital Trust I,",8.50%,Yes,No,No,No,Cumul Trust Preferred Securities,6/30/03,3/05/04
GRT-B*,"Glimcher Realty Trust,",9 1/4%,Yes,No,No,Yes,Cumul Redeem Preferred Shares B,11/15/02,2/27/04
GPE-A*,"Georgia Power Capital Trust IV,",6.85%,No,No,No,No,Trust Preferred Securities,2/25/04,2/25/04
UBT*,"UnionBanCal Finance Trust I,",7 3/8%,No,No,No,No,Capital Securities,2/19/04,2/19/04
KRT-D*,"Kramont Realty Trust,",9.50%,Yes,No,No,Yes,Series D Cumul Redeem Preferred Shares,2/11/02,1/30/04
PHFCP*,"Pittsburgh Home Capital Trust I,",8.56%,Yes,No,No,No,Cumul Trust Preferred Securities,1/30/03,1/27/04
CNP-A*,"HL&amp;P Capital Trust I,", 8.125%,No,No,No,No,Trust Preferred Securities Series A,2/04/02,1/20/04
KPA-A*,"Innkeepers USA Trust,",8.625%,No,No,Yes,No,Series A Convertible Preferred Shares,5/18/03,1/20/04
ESBFP*,"PennFirst Capital Trust I,",8.625%,Yes,No,No,No,Cumul Trust Preferred Securities,12/31/02,1/15/04
IPP*,"Intl Paper Capital Trust III,",7 7/8%,No,No,No,No,Capital Securities,9/24/03,1/14/04
PLD-D*,"ProLogis Trust,",7.92%,Yes,No,No,Yes,Series D Cumul Redeem Preferred Shares,4/13/03,1/12/04
WPS-A*,"WPSR Capital Trust I,",7.00%,No,No,No,No,Trust Preferred Securities,7/30/03,1/08/04
EOP-C*,"Equity Office Properties Trust,",8 5/8%,Yes,No,No,Yes,Cumul Redeem Preferred Shares C,12/08/03,1/05/04
SNBCO*,"Sun Capital Trust II,",8.875%,No,No,No,No,Preferred Securities,12/31/03,12/31/03
EQR-G*,"Equity Residential Properties Trust,",7 1/4%,No,No,Yes,No,Convertible Dep Shares Preferred G,9/15/02,12/26/03
UFHIP*,"UFH Capital Trust I,",9.40%,Yes,No,No,No,Cumul Trust Preferred Securities,12/10/03,12/19/03
UBSCP*,"Union Bankshares Capital Trust I,",9.0%,Yes,No,No,No,Cumul Trust Preferred Securities,12/17/03,12/17/03
SXNBP*,"Success Capital Trust I,",8.95%,No,No,No,No,Trust Preferred Securities,5/19/03,12/15/03
BSC-Y*,"Bear Stearns Capital Trust II,",7.50%,No,No,No,No,Trust Preferred Securities,12/15/03,12/15/03
IFC-P*,"IFC Capital Trust I,",9.25%,Yes,No,No,No,Cumul Trust Preferred Securities,3/31/02,12/15/03
ANJ-**,"ANZ Exchangeable Preferred Trust II,",8.08%,No,No,No,No,TrUEPrS Units,N/A,12/12/03
ANU-*,"ANZ Exchangeable Preferred Trust,",$2.00,No,No,No,No,TrUEPrS Units,N/A,12/12/03
TMT*,TCW/DW Term Trust,2003,No,No,No,No,due 12/31/03,N/A,12/08/03
UPCTP*,"Union Pacific Capital Trust,",6 1/4%,No,No,Yes,No,Convertible Preferred Securities TIDES,4/10/04,12/05/03
SIVBP*,"SVB Capital I,",8.25%,Yes,No,No,No,Cumul Trust Preferred Securities,6/15/03,12/01/03
ASN-A*,"Archstone Communities Trust,",7%,Yes,No,Yes,No,Cumul Convertible Preferred Shares A,N/A,12/01/03
SIRPP*,"Sinclair Capital,",11.625%,No,No,No,No,Hi Yield Trust Preferred Securities,N/A,11/12/03
CHCOP*,"City Holding Capital Trust II,",9.125%,No,No,No,No,Capital Securities,10/31/03,11/07/03
JBB*,"Lehman ABS Corp Bkd Trust Certs 2003-01,",7.25%,No,No,No,No,Sears Roebuck Acceptance,1/28/08,11/07/03
SJI-T*,"SJG Capital Trust,",8.35%,No,No,No,No,Preferred Securities,4/30/02,11/05/03
SWO-A*,"Swepco Capital I,",7.875%,No,No,No,No,Trust Preferred Securities A,4/30/02,10/31/03
ROY-*,"Royce Micro-Cap Trust,",7.75%,Yes,No,No,No,Cumulative Preferred Stock,7/01/02,10/20/03
RGL-*,"Royce Focus Trust Inc.,",7.45%,Yes,No,No,No,Cumulative Preferred Stock,12/01/02,10/20/03
METFP**,"Metropolitan Capital Trust I,",8.60%,No,No,No,No,Trust Preferred Securities,6/30/03,10/15/03
SPS-T*,"Southwestern Public Service Capital I,",7.85%,No,No,No,No,Trust Preferred Securities A,10/21/01,10/15/03
RVT-*,"Royce Value Trust,",7.80%,Yes,No,No,No,Tax-Adv Cumul Preferred Stock,8/15/03,10/10/03
RVT-A*,"Royce Value Trust,",7.30%,Yes,No,No,No,Tax-Adv Cumul Preferred Stock,6/22/03,10/10/03
SBSIP*,"Southside Capital Trust I,",8.50%,Yes,No,No,No,Cumul Trust Preferred Securities,6/30/03,10/06/03
LKFNP*,"Lakeland Capital Trust,",9.00%,Yes,No,No,No,Cumul Trust Preferred Securities,9/30/02,10/01/03
FMARP*,"Mariner Capital Trust,",8.30%,No,No,No,No,Preferred Securities,6/30/03,10/01/03
ABN-A*,"ABN Amro Capital Funding Trust I,",7.50%,No,No,No,No,Non-cumul Guar Trust Preferred Sec,9/30/03,9/30/03
EBS-*,"EBI Capital Trust I,",8.50%,Yes,No,No,No,Cumulative Trust Preferred Securities,9/30/03,9/30/03
IBK-*,"Independent Capital Trust,",8.50%,Yes,No,No,No,Cumul Trust Preferred Securities,9/22/03,9/22/03
PCCIP*,"PCC Capital I,",9.375%,Yes,No,No,No,Cumul Trust Preferred Securities,10/01/02,9/15/03
OMITP*,"Owens &amp; Minor Trust I,",5.375%,No,No,Yes,No,TECONS Term Convertible Securities,4/30/03,9/04/03
PPW-B*,"PacifiCorp Capital II,",7.70%,No,No,No,No,Trust Preferred Securities Series B,8/04/02,8/29/03
HI-P*,"Household Capital Trust IV,",7 1/4%,No,No,No,No,Trust Preferred Securities,3/19/03,8/15/03
MWC*,"MSDW Capital Trust I,",7.10%,No,No,No,No,Capital Securities,3/12/03,8/11/03
TXT-T*,"Textron Capital I,",7.92%,No,No,No,No,Trust Preferred Securities,2/09/01,7/17/03
PLD-E*,"ProLogis Trust,",8.75%,Yes,No,No,Yes,Series E Cumul Redeem Preferred Shares,6/30/03,7/01/03
WSBCP*,"WesBanco Inc. Capital Trust I,",8.50%,No,No,No,No,Trust Preferred Securities,4/30/03,6/30/03
EOP-F*,"Equity Office Properties Trust,",8.0%,Yes,No,No,Yes,Cumul Redeem Preferred Units F,6/04/03,6/30/03
BUF-C*,"BankUnited Capital III,",9.00%,Yes,No,No,No,Cumul Trust Preferred Securities,3/31/03,6/30/03
FBA-T*,"First America Capital Trust,",8.50%,Yes,No,No,No,Cumul Trust Preferred Securities,6/30/03,6/30/03
IBNKP*,"Integra Capital Trust I,",8.25%,Yes,No,No,No,Cumul Trust Preferred Securities,3/31/03,6/30/03
EOP-E*,"Equity Office Properties Trust,",7.875%,Yes,No,No,Yes,Cumul Redeem Preferred Units E,10/10/02,6/27/03
PE-X*,"PECO Energy Capital Trust II,",8.00%,No,No,No,No,Monthly Income Preferred Securities,6/06/02,6/24/03
EQR-L*,"Equity Residential Properties Trust,",7.625%,Yes,No,No,Yes,Cumul Redeem Preferred Series L,2/13/03,6/19/03
GAB-*,"Gabelli Equity Trust,",7.25%,Yes,No,No,No,Tax Advantaged Cumulative Preferred Stock,6/09/03,6/17/03
SAC-T*,"SCE&amp;G Trust I,",7.55%,No,No,No,No,"Trust Preferred Securities, Series A",9/30/02,6/16/03
FRT-A*,"Federal Realty Investment Trust,",7.95%,Yes,No,No,Yes,Cumul Redeem Preferred Securities A,10/06/02,6/13/03
YCT*,"Yorkshire Capital Trust I,",8.08%,No,No,No,No,Trust Securities,6/09/03,6/09/03
PFSBP*,"PennFed Capital Trust I,",8.90%,Yes,No,No,No,Cumul Trust Preferred Securities,10/31/02,6/03/03
GSLCP*,"Guaranty Capital Trust I,",$1.75,No,No,Yes,No,Convertible Preferred Securities,4/29/03,5/19/03
STSAO*,"Sterling Capital Trust I,",9.50%,Yes,No,No,No,Cumulative Capital Securities,6/30/02,5/16/03
ETMXP*,"Entercom Communications Capital Trust,",6.25%,No,No,Yes,No,Conv Preferred TIDES,N/A,5/14/03
FBNKO*,"First Preferred Capital Trust,",9.25%,Yes,No,No,No,Cumul Trust Preferred Securities,3/31/02,5/07/03
CLP-A*,"Colonial Properties Trust,",8 3/4%,Yes,No,No,Yes,Series A Cumul Redeem Preferred Shares,11/06/02,5/07/03
CNT-A*,"CenterPoint Properties Trust,",8.48%,Yes,No,No,Yes,Series A Cumul Redeem Preferred Shares,10/30/02,5/06/03
NXL-B*,"New Plan Excel Realty Trust,",8 5/8%,Yes,No,No,No,Dep Shares Cumul Preferred Stock B,1/13/03,5/05/03
RWT-B*,"Redwood Trust Inc.,",9.74%,Yes,No,Yes,No,Cumul Convertible Preferred Stock B,10/01/99,5/02/03
ERE*,"Equitable Resources Capital Trust I,",7.35%,No,No,No,No,Capital Securities,4/23/03,4/23/03
IBCPP*,"IBC Capital Finance,",9.25%,Yes,No,No,No,Cumul Trust Preferred Securities,12/31/01,4/21/03
MFG-A*,"MB Capital I,",8.75%,Yes,No,No,No,Cumulative Trust Preferred Securities,2/09/03,4/11/03
TAP-X*,"Travelers P&amp;C Capital I,",8.08%,No,No,No,No,Trust Preferred Securities,4/30/01,4/09/03
TAP-Y*,"Travelers P&amp;C Capital II,",8.00%,No,No,No,No,Trust Preferred Securities,5/15/01,4/09/03
MSFGP*,"IUB Capital Trust,",8.75%,Yes,No,No,No,Cumulative Trust Preferred Securities,12/31/02,4/01/03
YDVLP*,"Yardville Capital Trust,",9.25%,Yes,No,No,No,Cumul Trust Preferred Securities,11/01/02,3/31/03
GGT-*,"Gabelli Global Multimedia Trust,",7.92%,Yes,No,No,No,Cumulative Preferred Stock,6/01/02,3/31/03
BKUNZ*,"BankUnited Capital II,",9.60%,Yes,No,No,No,Cumul Trust Preferred Securities,6/30/02,3/28/03
IKT-A*,"Intrust Capital Trust,",8.24%,Yes,No,No,No,Cumul Trust Preferred Securities,1/31/03,3/21/03
JEFFP*,"JeffBanks, Inc.",9.25%,Yes,No,No,Yes,Cumul Redeem Deferr Trust Preferred,3/31/02,2/03/03
BANCP*,"BBC Capital Trust I,",9 1/2%,Yes,No,No,No,Cumul Trust Preferred Securities,6/30/02,1/21/03
CFB-*,"CFC Preferred Trust,",9.375%,Yes,No,No,No,Cumul Trust Preferred Securities,5/15/02,12/31/02
GPE-U*,"Georgia Power Capital Trust II,",7.60%,No,No,No,No,Trust Preferred Securities,1/16/02,12/06/02
FSBIP*,"FB Capital Trust,",9.75%,No,No,No,No,Preferred Securities,7/15/02,11/04/02
SBIBP*,"Sterling Bancshares Capital Trust I,",9.28%,No,No,No,No,Cum Trust Preferred Securities,6/06/02,11/01/02
NPBCP*,"NPB Capital Trust,",9.00%,No,No,No,No,Preferred Securities,6/30/02,10/31/02
ALP-Q*,"Alabama Power Capital Trust I,",7.375%,No,No,No,No,Trust Preferred Securities,3/31/01,10/31/02
VEL-T*,"Virginia Power Capital Trust I,",8.05%,No,No,No,No,Trust Preferred Securities,9/30/00,9/30/02
HR-A*,"Healthcare Realty Trust, Inc.,",8 7/8%,Yes,No,No,No,Voting Cumul Preferred Stock,9/30/02,9/30/02
BK-C*,"BNY Capital II,",7.80%,No,No,No,No,"Trust Preferred Securities, Series C",9/01/02,9/01/02
LRY-A*,"Liberty Property Trust,",8.80%,Yes,No,No,Yes,Cumul Redeem Preferred Shares A,7/30/02,8/28/02
ASN-C*,"Archstone Communities Trust,",8.625%,Yes,No,No,Yes,Cumul Redeem Preferred Shares C,8/20/02,8/20/02
OEC-T*,"Ohio Edison Financing Trust,",9%,Yes,No,No,No,Cumul Trust Preferred Cap Securities A,12/31/00,8/15/02
GBP-A*,"Gables Residential Trust,",8.30%,Yes,No,No,Yes,Cumul Redeem Preferred Shares A,7/24/02,8/09/02
EOP-A*,"Equity Office Properties Trust,",8.98%,Yes,No,No,Yes,Cumul Redeem Preferred Shares A,6/15/02,7/29/02
GBBKP*,"GBB Capital I,",9.75%,Yes,No,No,No,Cumulative Trust Preferred Securities,4/01/02,7/19/02
GPE-T*,"Georgia Power Capital Trust I,",7.75%,No,No,No,No,Trust Preferred Securities,9/30/01,7/19/02
NXL-A*,"New Plan Excel Realty Trust,",8 1/2%,Yes,No,Yes,No,Cumul Convertible Preferred Stock A,2/05/02,7/15/02
GFLSP*,"GCB Capital Trust,",10.00%,No,No,No,No,Preferred Securities,6/30/02,7/08/02
CBH-T*,"Commerce Capital Trust I,",8 3/4%,No,No,No,No,Capital Securities,6/30/02,7/01/02
BNBCP*,"BNB Capital Trust,",9.50%,Yes,No,No,No,Cumul Trust Preferred Securities,6/30/02,6/30/02
FAB-*,People's Bancshares Capital Trust,9.76%,Yes,No,No,No,Cumul Trust Preferred Securities,6/30/02,6/30/02
INDBP*,"Independent Capital Trust I,",9.28%,Yes,No,No,No,Cumul Trust Preferred Securities,5/19/02,5/20/02
FR-B*,"First Industrial Realty Trust,",8.75%,Yes,No,No,No,Dep Shares Cumul Preferred Stock B,5/14/02,5/14/02
TFI-B*,TCI Communications Financing IV,9.72%,Yes,No,No,Yes,Cumul Redeem Trust Preferred,3/31/02,4/01/02
SNBCP*,"Sun Capital Trust I,",9.85%,No,No,No,No,Preferred Securities,3/31/02,4/01/02
